date,regime
2022-01-01,UNKNOWN
2022-01-02,UNKNOWN
2022-01-03,UNKNOWN
2022-01-04,UNKNOWN
2022-01-05,UNKNOWN
2022-01-06,UNKNOWN
2022-01-07,UNKNOWN
2022-01-08,UNKNOWN
2022-01-09,UNKNOWN
2022-01-10,UNKNOWN
2022-01-11,UNKNOWN
2022-01-12,UNKNOWN
2022-01-13,UNKNOWN
2022-01-14,UNKNOWN
2022-01-15,UNKNOWN
2022-01-16,UNKNOWN
2022-01-17,UNKNOWN
2022-01-18,UNKNOWN
2022-01-19,UNKNOWN
2022-01-20,UNKNOWN
2022-01-21,UNKNOWN
2022-01-22,UNKNOWN
2022-01-23,UNKNOWN
2022-01-24,UNKNOWN
2022-01-25,UNKNOWN
2022-01-26,UNKNOWN
2022-01-27,UNKNOWN
2022-01-28,UNKNOWN
2022-01-29,UNKNOWN
2022-01-30,UNKNOWN
2022-01-31,UNKNOWN
2022-02-01,UNKNOWN
2022-02-02,UNKNOWN
2022-02-03,UNKNOWN
2022-02-04,UNKNOWN
2022-02-05,UNKNOWN
2022-02-06,UNKNOWN
2022-02-07,UNKNOWN
2022-02-08,UNKNOWN
2022-02-09,UNKNOWN
2022-02-10,UNKNOWN
2022-02-11,UNKNOWN
2022-02-12,UNKNOWN
2022-02-13,UNKNOWN
2022-02-14,UNKNOWN
2022-02-15,UNKNOWN
2022-02-16,UNKNOWN
2022-02-17,UNKNOWN
2022-02-18,UNKNOWN
2022-02-19,UNKNOWN
2022-02-20,UNKNOWN
2022-02-21,UNKNOWN
2022-02-22,UNKNOWN
2022-02-23,UNKNOWN
2022-02-24,UNKNOWN
2022-02-25,UNKNOWN
2022-02-26,UNKNOWN
2022-02-27,UNKNOWN
2022-02-28,UNKNOWN
2022-03-01,UNKNOWN
2022-03-02,UNKNOWN
2022-03-03,UNKNOWN
2022-03-04,UNKNOWN
2022-03-05,UNKNOWN
2022-03-06,UNKNOWN
2022-03-07,UNKNOWN
2022-03-08,UNKNOWN
2022-03-09,UNKNOWN
2022-03-10,UNKNOWN
2022-03-11,UNKNOWN
2022-03-12,UNKNOWN
2022-03-13,UNKNOWN
2022-03-14,UNKNOWN
2022-03-15,UNKNOWN
2022-03-16,UNKNOWN
2022-03-17,UNKNOWN
2022-03-18,UNKNOWN
2022-03-19,UNKNOWN
2022-03-20,UNKNOWN
2022-03-21,UNKNOWN
2022-03-22,UNKNOWN
2022-03-23,UNKNOWN
2022-03-24,UNKNOWN
2022-03-25,UNKNOWN
2022-03-26,UNKNOWN
2022-03-27,UNKNOWN
2022-03-28,UNKNOWN
2022-03-29,UNKNOWN
2022-03-30,UNKNOWN
2022-03-31,UNKNOWN
2022-04-01,UNKNOWN
2022-04-02,UNKNOWN
2022-04-03,UNKNOWN
2022-04-04,UNKNOWN
2022-04-05,UNKNOWN
2022-04-06,UNKNOWN
2022-04-07,UNKNOWN
2022-04-08,UNKNOWN
2022-04-09,UNKNOWN
2022-04-10,UNKNOWN
2022-04-11,UNKNOWN
2022-04-12,UNKNOWN
2022-04-13,UNKNOWN
2022-04-14,UNKNOWN
2022-04-15,UNKNOWN
2022-04-16,UNKNOWN
2022-04-17,UNKNOWN
2022-04-18,UNKNOWN
2022-04-19,UNKNOWN
2022-04-20,UNKNOWN
2022-04-21,UNKNOWN
2022-04-22,UNKNOWN
2022-04-23,UNKNOWN
2022-04-24,UNKNOWN
2022-04-25,UNKNOWN
2022-04-26,UNKNOWN
2022-04-27,UNKNOWN
2022-04-28,UNKNOWN
2022-04-29,UNKNOWN
2022-04-30,UNKNOWN
2022-05-01,UNKNOWN
2022-05-02,UNKNOWN
2022-05-03,UNKNOWN
2022-05-04,UNKNOWN
2022-05-05,UNKNOWN
2022-05-06,UNKNOWN
2022-05-07,UNKNOWN
2022-05-08,UNKNOWN
2022-05-09,UNKNOWN
2022-05-10,UNKNOWN
2022-05-11,UNKNOWN
2022-05-12,UNKNOWN
2022-05-13,UNKNOWN
2022-05-14,UNKNOWN
2022-05-15,UNKNOWN
2022-05-16,UNKNOWN
2022-05-17,UNKNOWN
2022-05-18,UNKNOWN
2022-05-19,UNKNOWN
2022-05-20,UNKNOWN
2022-05-21,UNKNOWN
2022-05-22,UNKNOWN
2022-05-23,UNKNOWN
2022-05-24,UNKNOWN
2022-05-25,UNKNOWN
2022-05-26,UNKNOWN
2022-05-27,UNKNOWN
2022-05-28,UNKNOWN
2022-05-29,UNKNOWN
2022-05-30,UNKNOWN
2022-05-31,UNKNOWN
2022-06-01,UNKNOWN
2022-06-02,UNKNOWN
2022-06-03,UNKNOWN
2022-06-04,UNKNOWN
2022-06-05,UNKNOWN
2022-06-06,UNKNOWN
2022-06-07,UNKNOWN
2022-06-08,UNKNOWN
2022-06-09,UNKNOWN
2022-06-10,UNKNOWN
2022-06-11,UNKNOWN
2022-06-12,UNKNOWN
2022-06-13,UNKNOWN
2022-06-14,UNKNOWN
2022-06-15,UNKNOWN
2022-06-16,UNKNOWN
2022-06-17,UNKNOWN
2022-06-18,UNKNOWN
2022-06-19,UNKNOWN
2022-06-20,UNKNOWN
2022-06-21,UNKNOWN
2022-06-22,UNKNOWN
2022-06-23,UNKNOWN
2022-06-24,UNKNOWN
2022-06-25,UNKNOWN
2022-06-26,UNKNOWN
2022-06-27,UNKNOWN
2022-06-28,UNKNOWN
2022-06-29,UNKNOWN
2022-06-30,UNKNOWN
2022-07-01,UNKNOWN
2022-07-02,UNKNOWN
2022-07-03,UNKNOWN
2022-07-04,UNKNOWN
2022-07-05,UNKNOWN
2022-07-06,UNKNOWN
2022-07-07,UNKNOWN
2022-07-08,UNKNOWN
2022-07-09,UNKNOWN
2022-07-10,UNKNOWN
2022-07-11,UNKNOWN
2022-07-12,UNKNOWN
2022-07-13,UNKNOWN
2022-07-14,UNKNOWN
2022-07-15,UNKNOWN
2022-07-16,UNKNOWN
2022-07-17,UNKNOWN
2022-07-18,UNKNOWN
2022-07-19,BEAR
2022-07-20,BEAR
2022-07-21,BEAR
2022-07-22,BEAR
2022-07-23,BEAR
2022-07-24,BEAR
2022-07-25,BEAR
2022-07-26,CHOP
2022-07-27,CHOP
2022-07-28,CHOP
2022-07-29,CHOP
2022-07-30,BEAR
2022-07-31,BEAR
2022-08-01,BEAR
2022-08-02,CHOP
2022-08-03,CHOP
2022-08-04,CHOP
2022-08-05,CHOP
2022-08-06,CHOP
2022-08-07,CHOP
2022-08-08,CHOP
2022-08-09,CHOP
2022-08-10,CHOP
2022-08-11,CHOP
2022-08-12,CHOP
2022-08-13,CHOP
2022-08-14,CHOP
2022-08-15,CHOP
2022-08-16,CHOP
2022-08-17,CHOP
2022-08-18,CHOP
2022-08-19,CHOP
2022-08-20,CHOP
2022-08-21,CHOP
2022-08-22,CHOP
2022-08-23,CHOP
2022-08-24,CHOP
2022-08-25,CHOP
2022-08-26,CHOP
2022-08-27,BEAR
2022-08-28,BEAR
2022-08-29,BEAR
2022-08-30,BEAR
2022-08-31,BEAR
2022-09-01,BEAR
2022-09-02,BEAR
2022-09-03,BEAR
2022-09-04,BEAR
2022-09-05,BEAR
2022-09-06,BEAR
2022-09-07,BEAR
2022-09-08,BEAR
2022-09-09,BEAR
2022-09-10,BEAR
2022-09-11,BEAR
2022-09-12,BEAR
2022-09-13,BEAR
2022-09-14,BEAR
2022-09-15,BEAR
2022-09-16,BEAR
2022-09-17,BEAR
2022-09-18,BEAR
2022-09-19,BEAR
2022-09-20,BEAR
2022-09-21,BEAR
2022-09-22,BEAR
2022-09-23,BEAR
2022-09-24,BEAR
2022-09-25,BEAR
2022-09-26,BEAR
2022-09-27,BEAR
2022-09-28,BEAR
2022-09-29,BEAR
2022-09-30,BEAR
2022-10-01,BEAR
2022-10-02,BEAR
2022-10-03,BEAR
2022-10-04,CHOP
2022-10-05,CHOP
2022-10-06,CHOP
2022-10-07,CHOP
2022-10-08,CHOP
2022-10-09,CHOP
2022-10-10,CHOP
2022-10-11,CHOP
2022-10-12,CHOP
2022-10-13,CHOP
2022-10-14,CHOP
2022-10-15,CHOP
2022-10-16,CHOP
2022-10-17,CHOP
2022-10-18,CHOP
2022-10-19,CHOP
2022-10-20,CHOP
2022-10-21,CHOP
2022-10-22,CHOP
2022-10-23,CHOP
2022-10-24,CHOP
2022-10-25,CHOP
2022-10-26,CHOP
2022-10-27,CHOP
2022-10-28,CHOP
2022-10-29,CHOP
2022-10-30,CHOP
2022-10-31,CHOP
2022-11-01,CHOP
2022-11-02,CHOP
2022-11-03,CHOP
2022-11-04,CHOP
2022-11-05,CHOP
2022-11-06,CHOP
2022-11-07,CHOP
2022-11-08,CHOP
2022-11-09,CRISIS
2022-11-10,CRISIS
2022-11-11,CRISIS
2022-11-12,CRISIS
2022-11-13,CRISIS
2022-11-14,CRISIS
2022-11-15,BEAR
2022-11-16,BEAR
2022-11-17,BEAR
2022-11-18,BEAR
2022-11-19,BEAR
2022-11-20,BEAR
2022-11-21,BEAR
2022-11-22,BEAR
2022-11-23,BEAR
2022-11-24,BEAR
2022-11-25,BEAR
2022-11-26,BEAR
2022-11-27,BEAR
2022-11-28,BEAR
2022-11-29,BEAR
2022-11-30,BEAR
2022-12-01,BEAR
2022-12-02,BEAR
2022-12-03,BEAR
2022-12-04,BEAR
2022-12-05,BEAR
2022-12-06,BEAR
2022-12-07,BEAR
2022-12-08,BEAR
2022-12-09,BEAR
2022-12-10,BEAR
2022-12-11,BEAR
2022-12-12,BEAR
2022-12-13,BEAR
2022-12-14,BEAR
2022-12-15,BEAR
2022-12-16,BEAR
2022-12-17,BEAR
2022-12-18,BEAR
2022-12-19,BEAR
2022-12-20,CHOP
2022-12-21,CHOP
2022-12-22,CHOP
2022-12-23,CHOP
2022-12-24,CHOP
2022-12-25,CHOP
2022-12-26,CHOP
2022-12-27,CHOP
2022-12-28,CHOP
2022-12-29,CHOP
2022-12-30,CHOP
2022-12-31,CHOP
2023-01-01,CHOP
2023-01-02,CHOP
2023-01-03,CHOP
2023-01-04,CHOP
2023-01-05,CHOP
2023-01-06,CHOP
2023-01-07,CHOP
2023-01-08,CHOP
2023-01-09,CHOP
2023-01-10,CHOP
2023-01-11,CHOP
2023-01-12,CHOP
2023-01-13,CHOP
2023-01-14,CHOP
2023-01-15,CHOP
2023-01-16,BULL
2023-01-17,BULL
2023-01-18,CHOP
2023-01-19,BULL
2023-01-20,BULL
2023-01-21,BULL
2023-01-22,BULL
2023-01-23,BULL
2023-01-24,BULL
2023-01-25,BULL
2023-01-26,BULL
2023-01-27,BULL
2023-01-28,BULL
2023-01-29,BULL
2023-01-30,BULL
2023-01-31,BULL
2023-02-01,BULL
2023-02-02,BULL
2023-02-03,BULL
2023-02-04,BULL
2023-02-05,BULL
2023-02-06,BULL
2023-02-07,BULL
2023-02-08,BULL
2023-02-09,BULL
2023-02-10,BULL
2023-02-11,BULL
2023-02-12,BULL
2023-02-13,BULL
2023-02-14,BULL
2023-02-15,BULL
2023-02-16,BULL
2023-02-17,BULL
2023-02-18,BULL
2023-02-19,BULL
2023-02-20,BULL
2023-02-21,BULL
2023-02-22,BULL
2023-02-23,BULL
2023-02-24,CRISIS
2023-02-25,CRISIS
2023-02-26,BULL
2023-02-27,BULL
2023-02-28,BULL
2023-03-01,BULL
2023-03-02,BULL
2023-03-03,CRISIS
2023-03-04,BULL
2023-03-05,BULL
2023-03-06,BULL
2023-03-07,BULL
2023-03-08,CHOP
2023-03-09,CRISIS
2023-03-10,CRISIS
2023-03-11,CRISIS
2023-03-12,CRISIS
2023-03-13,CRISIS
2023-03-14,CRISIS
2023-03-15,CRISIS
2023-03-16,CRISIS
2023-03-17,CRISIS
2023-03-18,CRISIS
2023-03-19,BULL
2023-03-20,CRISIS
2023-03-21,BULL
2023-03-22,CRISIS
2023-03-23,CRISIS
2023-03-24,CRISIS
2023-03-25,CRISIS
2023-03-26,BULL
2023-03-27,BULL
2023-03-28,BULL
2023-03-29,BULL
2023-03-30,BULL
2023-03-31,BULL
2023-04-01,BULL
2023-04-02,BULL
2023-04-03,BULL
2023-04-04,BULL
2023-04-05,BULL
2023-04-06,BULL
2023-04-07,BULL
2023-04-08,BULL
2023-04-09,BULL
2023-04-10,BULL
2023-04-11,BULL
2023-04-12,BULL
2023-04-13,BULL
2023-04-14,BULL
2023-04-15,BULL
2023-04-16,BULL
2023-04-17,BULL
2023-04-18,BULL
2023-04-19,BULL
2023-04-20,BULL
2023-04-21,BULL
2023-04-22,BULL
2023-04-23,BULL
2023-04-24,BULL
2023-04-25,BULL
2023-04-26,BULL
2023-04-27,BULL
2023-04-28,BULL
2023-04-29,BULL
2023-04-30,BULL
2023-05-01,BULL
2023-05-02,BULL
2023-05-03,BULL
2023-05-04,CHOP
2023-05-05,CHOP
2023-05-06,CHOP
2023-05-07,CHOP
2023-05-08,CHOP
2023-05-09,CHOP
2023-05-10,CHOP
2023-05-11,CHOP
2023-05-12,CHOP
2023-05-13,CHOP
2023-05-14,CHOP
2023-05-15,CHOP
2023-05-16,CHOP
2023-05-17,CHOP
2023-05-18,CHOP
2023-05-19,CHOP
2023-05-20,CHOP
2023-05-21,CHOP
2023-05-22,CHOP
2023-05-23,CHOP
2023-05-24,CHOP
2023-05-25,CHOP
2023-05-26,CHOP
2023-05-27,CHOP
2023-05-28,CHOP
2023-05-29,CHOP
2023-05-30,CHOP
2023-05-31,CHOP
2023-06-01,CHOP
2023-06-02,CHOP
2023-06-03,CHOP
2023-06-04,CHOP
2023-06-05,CHOP
2023-06-06,CHOP
2023-06-07,CHOP
2023-06-08,CHOP
2023-06-09,CHOP
2023-06-10,CHOP
2023-06-11,CHOP
2023-06-12,CHOP
2023-06-13,CHOP
2023-06-14,CHOP
2023-06-15,CHOP
2023-06-16,CHOP
2023-06-17,CHOP
2023-06-18,CHOP
2023-06-19,CHOP
2023-06-20,CHOP
2023-06-21,CHOP
2023-06-22,CHOP
2023-06-23,CHOP
2023-06-24,CHOP
2023-06-25,CHOP
2023-06-26,CHOP
2023-06-27,CHOP
2023-06-28,BULL
2023-06-29,BULL
2023-06-30,BULL
2023-07-01,BULL
2023-07-02,BULL
2023-07-03,BULL
2023-07-04,BULL
2023-07-05,BULL
2023-07-06,BULL
2023-07-07,BULL
2023-07-08,BULL
2023-07-09,BULL
2023-07-10,BULL
2023-07-11,BULL
2023-07-12,BULL
2023-07-13,BULL
2023-07-14,BULL
2023-07-15,BULL
2023-07-16,BULL
2023-07-17,BULL
2023-07-18,BULL
2023-07-19,BULL
2023-07-20,BULL
2023-07-21,BULL
2023-07-22,BULL
2023-07-23,BULL
2023-07-24,BULL
2023-07-25,BULL
2023-07-26,BULL
2023-07-27,CHOP
2023-07-28,CHOP
2023-07-29,CHOP
2023-07-30,CHOP
2023-07-31,CHOP
2023-08-01,CHOP
2023-08-02,CHOP
2023-08-03,CHOP
2023-08-04,CHOP
2023-08-05,CHOP
2023-08-06,CHOP
2023-08-07,CHOP
2023-08-08,CHOP
2023-08-09,CHOP
2023-08-10,CHOP
2023-08-11,CHOP
2023-08-12,CHOP
2023-08-13,CHOP
2023-08-14,CHOP
2023-08-15,CHOP
2023-08-16,CHOP
2023-08-17,CHOP
2023-08-18,CHOP
2023-08-19,CHOP
2023-08-20,CHOP
2023-08-21,BEAR
2023-08-22,BEAR
2023-08-23,BEAR
2023-08-24,BEAR
2023-08-25,BEAR
2023-08-26,BEAR
2023-08-27,BEAR
2023-08-28,BEAR
2023-08-29,CHOP
2023-08-30,CHOP
2023-08-31,BEAR
2023-09-01,BEAR
2023-09-02,BEAR
2023-09-03,BEAR
2023-09-04,BEAR
2023-09-05,BEAR
2023-09-06,BEAR
2023-09-07,BEAR
2023-09-08,BEAR
2023-09-09,BEAR
2023-09-10,BEAR
2023-09-11,BEAR
2023-09-12,BEAR
2023-09-13,BEAR
2023-09-14,BEAR
2023-09-15,BEAR
2023-09-16,BEAR
2023-09-17,BEAR
2023-09-18,CHOP
2023-09-19,CHOP
2023-09-20,CHOP
2023-09-21,CHOP
2023-09-22,CHOP
2023-09-23,CHOP
2023-09-24,CHOP
2023-09-25,CHOP
2023-09-26,CHOP
2023-09-27,CHOP
2023-09-28,CHOP
2023-09-29,CHOP
2023-09-30,CHOP
2023-10-01,CHOP
2023-10-02,CHOP
2023-10-03,CHOP
2023-10-04,CHOP
2023-10-05,CHOP
2023-10-06,CHOP
2023-10-07,CHOP
2023-10-08,CHOP
2023-10-09,CHOP
2023-10-10,CHOP
2023-10-11,CHOP
2023-10-12,CHOP
2023-10-13,CHOP
2023-10-14,CHOP
2023-10-15,CHOP
2023-10-16,CHOP
2023-10-17,CHOP
2023-10-18,CHOP
2023-10-19,CHOP
2023-10-20,CHOP
2023-10-21,BULL
2023-10-22,BULL
2023-10-23,CRISIS
2023-10-24,CRISIS
2023-10-25,CRISIS
2023-10-26,CRISIS
2023-10-27,CRISIS
2023-10-28,BULL
2023-10-29,BULL
2023-10-30,BULL
2023-10-31,BULL
2023-11-01,BULL
2023-11-02,BULL
2023-11-03,BULL
2023-11-04,BULL
2023-11-05,BULL
2023-11-06,BULL
2023-11-07,BULL
2023-11-08,BULL
2023-11-09,BULL
2023-11-10,BULL
2023-11-11,BULL
2023-11-12,BULL
2023-11-13,BULL
2023-11-14,BULL
2023-11-15,BULL
2023-11-16,CRISIS
2023-11-17,BULL
2023-11-18,BULL
2023-11-19,BULL
2023-11-20,BULL
2023-11-21,BULL
2023-11-22,BULL
2023-11-23,BULL
2023-11-24,BULL
2023-11-25,BULL
2023-11-26,BULL
2023-11-27,BULL
2023-11-28,BULL
2023-11-29,BULL
2023-11-30,BULL
2023-12-01,BULL
2023-12-02,BULL
2023-12-03,BULL
2023-12-04,BULL
2023-12-05,BULL
2023-12-06,BULL
2023-12-07,BULL
2023-12-08,BULL
2023-12-09,BULL
2023-12-10,BULL
2023-12-11,BULL
2023-12-12,BULL
2023-12-13,BULL
2023-12-14,BULL
2023-12-15,BULL
2023-12-16,BULL
2023-12-17,BULL
2023-12-18,BULL
2023-12-19,BULL
2023-12-20,BULL
2023-12-21,BULL
2023-12-22,BULL
2023-12-23,BULL
2023-12-24,BULL
2023-12-25,BULL
2023-12-26,BULL
2023-12-27,BULL
2023-12-28,BULL
2023-12-29,BULL
2023-12-30,BULL
2023-12-31,BULL
2024-01-01,BULL
2024-01-02,BULL
2024-01-03,CRISIS
2024-01-04,CRISIS
2024-01-05,CRISIS
2024-01-06,CRISIS
2024-01-07,BULL
2024-01-08,CRISIS
2024-01-09,CRISIS
2024-01-10,CRISIS
2024-01-11,CRISIS
2024-01-12,CRISIS
2024-01-13,CRISIS
2024-01-14,CRISIS
2024-01-15,CRISIS
2024-01-16,CRISIS
2024-01-17,CHOP
2024-01-18,CRISIS
2024-01-19,CHOP
2024-01-20,CHOP
2024-01-21,CHOP
2024-01-22,BULL
2024-01-23,BULL
2024-01-24,BULL
2024-01-25,CHOP
2024-01-26,CHOP
2024-01-27,CHOP
2024-01-28,CHOP
2024-01-29,CHOP
2024-01-30,CHOP
2024-01-31,CHOP
2024-02-01,CHOP
2024-02-02,CHOP
2024-02-03,CHOP
2024-02-04,CHOP
2024-02-05,CHOP
2024-02-06,CHOP
2024-02-07,CHOP
2024-02-08,CHOP
2024-02-09,CHOP
2024-02-10,CHOP
2024-02-11,CHOP
2024-02-12,BULL
2024-02-13,BULL
2024-02-14,BULL
2024-02-15,BULL
2024-02-16,BULL
2024-02-17,BULL
2024-02-18,BULL
2024-02-19,BULL
2024-02-20,BULL
2024-02-21,BULL
2024-02-22,BULL
2024-02-23,BULL
2024-02-24,BULL
2024-02-25,BULL
2024-02-26,BULL
2024-02-27,BULL
2024-02-28,BULL
2024-02-29,BULL
2024-03-01,BULL
2024-03-02,BULL
2024-03-03,BULL
2024-03-04,BULL
2024-03-05,BULL
2024-03-06,BULL
2024-03-07,BULL
2024-03-08,BULL
2024-03-09,BULL
2024-03-10,BULL
2024-03-11,BULL
2024-03-12,BULL
2024-03-13,BULL
2024-03-14,BULL
2024-03-15,CRISIS
2024-03-16,CRISIS
2024-03-17,CRISIS
2024-03-18,CRISIS
2024-03-19,CRISIS
2024-03-20,CRISIS
2024-03-21,CRISIS
2024-03-22,CRISIS
2024-03-23,CRISIS
2024-03-24,BULL
2024-03-25,BULL
2024-03-26,BULL
2024-03-27,BULL
2024-03-28,BULL
2024-03-29,BULL
2024-03-30,BULL
2024-03-31,BULL
2024-04-01,BULL
2024-04-02,BULL
2024-04-03,BULL
2024-04-04,BULL
2024-04-05,CHOP
2024-04-06,CHOP
2024-04-07,CHOP
2024-04-08,CHOP
2024-04-09,CHOP
2024-04-10,CHOP
2024-04-11,CHOP
2024-04-12,CHOP
2024-04-13,CHOP
2024-04-14,CHOP
2024-04-15,CHOP
2024-04-16,BULL
2024-04-17,CRISIS
2024-04-18,BULL
2024-04-19,BULL
2024-04-20,BULL
2024-04-21,BULL
2024-04-22,BULL
2024-04-23,BULL
2024-04-24,BULL
2024-04-25,BULL
2024-04-26,CHOP
2024-04-27,CHOP
2024-04-28,CHOP
2024-04-29,CHOP
2024-04-30,CHOP
2024-05-01,CHOP
2024-05-02,CHOP
2024-05-03,CHOP
2024-05-04,CHOP
2024-05-05,CHOP
2024-05-06,CHOP
2024-05-07,CHOP
2024-05-08,CHOP
2024-05-09,CHOP
2024-05-10,CHOP
2024-05-11,CHOP
2024-05-12,CHOP
2024-05-13,CHOP
2024-05-14,CHOP
2024-05-15,CHOP
2024-05-16,CHOP
2024-05-17,CHOP
2024-05-18,CHOP
2024-05-19,CHOP
2024-05-20,CHOP
2024-05-21,CHOP
2024-05-22,CHOP
2024-05-23,CHOP
2024-05-24,CHOP
2024-05-25,CHOP
2024-05-26,BULL
2024-05-27,BULL
2024-05-28,BULL
2024-05-29,BULL
2024-05-30,BULL
2024-05-31,CHOP
2024-06-01,CHOP
2024-06-02,CHOP
2024-06-03,CHOP
2024-06-04,BULL
2024-06-05,BULL
2024-06-06,BULL
2024-06-07,BULL
2024-06-08,BULL
2024-06-09,BULL
2024-06-10,BULL
2024-06-11,BULL
2024-06-12,CHOP
2024-06-13,CHOP
2024-06-14,CHOP
2024-06-15,CHOP
2024-06-16,CHOP
2024-06-17,CHOP
2024-06-18,CHOP
2024-06-19,CHOP
2024-06-20,CHOP
2024-06-21,CHOP
2024-06-22,CHOP
2024-06-23,CHOP
2024-06-24,CHOP
2024-06-25,CHOP
2024-06-26,CHOP
2024-06-27,CHOP
2024-06-28,CHOP
2024-06-29,CHOP
2024-06-30,CHOP
2024-07-01,CHOP
2024-07-02,CHOP
2024-07-03,CHOP
2024-07-04,BEAR
2024-07-05,BEAR
2024-07-06,BEAR
2024-07-07,BEAR
2024-07-08,BEAR
2024-07-09,BEAR
2024-07-10,BEAR
2024-07-11,BEAR
2024-07-12,BEAR
2024-07-13,CHOP
2024-07-14,CHOP
2024-07-15,CHOP
2024-07-16,CHOP
2024-07-17,CHOP
2024-07-18,CHOP
2024-07-19,CHOP
2024-07-20,CHOP
2024-07-21,CHOP
2024-07-22,CHOP
2024-07-23,CHOP
2024-07-24,CHOP
2024-07-25,CHOP
2024-07-26,CHOP
2024-07-27,CHOP
2024-07-28,CHOP
2024-07-29,CHOP
2024-07-30,BULL
2024-07-31,BULL
2024-08-01,BULL
2024-08-02,BULL
2024-08-03,BULL
2024-08-04,CHOP
2024-08-05,CRISIS
2024-08-06,CRISIS
2024-08-07,CRISIS
2024-08-08,CRISIS
2024-08-09,CRISIS
2024-08-10,CHOP
2024-08-11,CHOP
2024-08-12,CHOP
2024-08-13,CHOP
2024-08-14,BEAR
2024-08-15,CRISIS
2024-08-16,BEAR
2024-08-17,CHOP
2024-08-18,BEAR
2024-08-19,BEAR
2024-08-20,BEAR
2024-08-21,CHOP
2024-08-22,CHOP
2024-08-23,CHOP
2024-08-24,CHOP
2024-08-25,CHOP
2024-08-26,CHOP
2024-08-27,CHOP
2024-08-28,BEAR
2024-08-29,CHOP
2024-08-30,CHOP
2024-08-31,CHOP
2024-09-01,BEAR
2024-09-02,BEAR
2024-09-03,BEAR
2024-09-04,CHOP
2024-09-05,BEAR
2024-09-06,BEAR
2024-09-07,BEAR
2024-09-08,BEAR
2024-09-09,BEAR
2024-09-10,BEAR
2024-09-11,BEAR
2024-09-12,BEAR
2024-09-13,CHOP
2024-09-14,CHOP
2024-09-15,CHOP
2024-09-16,CHOP
2024-09-17,CHOP
2024-09-18,CHOP
2024-09-19,CHOP
2024-09-20,CHOP
2024-09-21,CHOP
2024-09-22,CHOP
2024-09-23,CHOP
2024-09-24,CHOP
2024-09-25,CHOP
2024-09-26,CHOP
2024-09-27,CHOP
2024-09-28,BULL
2024-09-29,BULL
2024-09-30,BULL
2024-10-01,BULL
2024-10-02,BULL
2024-10-03,BULL
2024-10-04,CHOP
2024-10-05,CHOP
2024-10-06,CHOP
2024-10-07,CHOP
2024-10-08,CHOP
2024-10-09,CHOP
2024-10-10,CHOP
2024-10-11,CHOP
2024-10-12,CHOP
2024-10-13,CHOP
2024-10-14,CHOP
2024-10-15,CHOP
2024-10-16,CHOP
2024-10-17,CHOP
2024-10-18,CHOP
2024-10-19,BULL
2024-10-20,BULL
2024-10-21,BULL
2024-10-22,BULL
2024-10-23,BULL
2024-10-24,BULL
2024-10-25,BULL
2024-10-26,CHOP
2024-10-27,CHOP
2024-10-28,BULL
2024-10-29,BULL
2024-10-30,BULL
2024-10-31,BULL
2024-11-01,BULL
2024-11-02,BULL
2024-11-03,BULL
2024-11-04,BULL
2024-11-05,BULL
2024-11-06,BULL
2024-11-07,BULL
2024-11-08,BULL
2024-11-09,BULL
2024-11-10,BULL
2024-11-11,BULL
2024-11-12,BULL
2024-11-13,BULL
2024-11-14,BULL
2024-11-15,BULL
2024-11-16,BULL
2024-11-17,BULL
2024-11-18,BULL
2024-11-19,BULL
2024-11-20,BULL
2024-11-21,BULL
2024-11-22,BULL
2024-11-23,BULL
2024-11-24,BULL
2024-11-25,BULL
2024-11-26,BULL
2024-11-27,BULL
2024-11-28,BULL
2024-11-29,BULL
2024-11-30,BULL
2024-12-01,BULL
2024-12-02,BULL
2024-12-03,BULL
2024-12-04,BULL
2024-12-05,BULL
2024-12-06,BULL
2024-12-07,BULL
2024-12-08,BULL
2024-12-09,CRISIS
2024-12-10,CRISIS
2024-12-11,CRISIS
2024-12-12,CRISIS
2024-12-13,BULL
2024-12-14,BULL
2024-12-15,BULL
2024-12-16,BULL
2024-12-17,BULL
2024-12-18,BULL
2024-12-19,CRISIS
2024-12-20,CRISIS
2024-12-21,CRISIS
2024-12-22,CRISIS
2024-12-23,CRISIS
2024-12-24,BULL
2024-12-25,BULL
2024-12-26,BULL
2024-12-27,CRISIS
2024-12-28,BULL
2024-12-29,BULL
2024-12-30,BULL
2024-12-31,BULL
2025-01-01,BULL
2025-01-02,BULL
2025-01-03,BULL
2025-01-04,BULL
2025-01-05,CHOP
2025-01-06,CHOP
2025-01-07,CHOP
2025-01-08,CHOP
2025-01-09,CHOP
2025-01-10,CHOP
2025-01-11,CHOP
2025-01-12,CHOP
2025-01-13,CHOP
2025-01-14,CHOP
2025-01-15,CHOP
2025-01-16,CHOP
2025-01-17,CHOP
2025-01-18,CHOP
2025-01-19,CHOP
2025-01-20,CHOP
2025-01-21,CHOP
2025-01-22,CHOP
2025-01-23,CHOP
2025-01-24,CHOP
2025-01-25,CHOP
2025-01-26,CHOP
2025-01-27,CHOP
2025-01-28,CHOP
2025-01-29,CHOP
2025-01-30,CHOP
2025-01-31,CHOP
2025-02-01,CHOP
2025-02-02,CHOP
2025-02-03,CRISIS
2025-02-04,CRISIS
2025-02-05,CRISIS
2025-02-06,CRISIS
2025-02-07,CRISIS
2025-02-08,BULL
2025-02-09,BULL
2025-02-10,CHOP
2025-02-11,CHOP
2025-02-12,CHOP
2025-02-13,CHOP
2025-02-14,CHOP
2025-02-15,CHOP
2025-02-16,CHOP
2025-02-17,CHOP
2025-02-18,CHOP
2025-02-19,CHOP
2025-02-20,CHOP
2025-02-21,CHOP
2025-02-22,CHOP
2025-02-23,CHOP
2025-02-24,CHOP
2025-02-25,CHOP
2025-02-26,BEAR
2025-02-27,BEAR
2025-02-28,CRISIS
2025-03-01,CHOP
2025-03-02,CHOP
2025-03-03,CRISIS
2025-03-04,CRISIS
2025-03-05,CRISIS
2025-03-06,CRISIS
2025-03-07,CRISIS
2025-03-08,CRISIS
2025-03-09,CRISIS
2025-03-10,CRISIS
2025-03-11,CRISIS
2025-03-12,CRISIS
2025-03-13,CRISIS
2025-03-14,BEAR
2025-03-15,BEAR
2025-03-16,BEAR
2025-03-17,BEAR
2025-03-18,BEAR
2025-03-19,CHOP
2025-03-20,BEAR
2025-03-21,BEAR
2025-03-22,BEAR
2025-03-23,CHOP
2025-03-24,CHOP
2025-03-25,CHOP
2025-03-26,CHOP
2025-03-27,CHOP
2025-03-28,BEAR
2025-03-29,BEAR
2025-03-30,BEAR
2025-03-31,BEAR
2025-04-01,BEAR
2025-04-02,BEAR
2025-04-03,CHOP
2025-04-04,CHOP
2025-04-05,CHOP
2025-04-06,CHOP
2025-04-07,CHOP
2025-04-08,CHOP
2025-04-09,CHOP
2025-04-10,CHOP
2025-04-11,CHOP
2025-04-12,CHOP
2025-04-13,CHOP
2025-04-14,CHOP
2025-04-15,CHOP
2025-04-16,CHOP
2025-04-17,CHOP
2025-04-18,CHOP
2025-04-19,CHOP
2025-04-20,CHOP
2025-04-21,CHOP
2025-04-22,CHOP
2025-04-23,CHOP
2025-04-24,CHOP
2025-04-25,CHOP
2025-04-26,CHOP
2025-04-27,CHOP
2025-04-28,CHOP
2025-04-29,BULL
2025-04-30,BULL
2025-05-01,BULL
2025-05-02,BULL
2025-05-03,BULL
2025-05-04,BULL
2025-05-05,BULL
2025-05-06,BULL
2025-05-07,BULL
2025-05-08,BULL
2025-05-09,BULL
2025-05-10,BULL
2025-05-11,BULL
2025-05-12,BULL
2025-05-13,BULL
2025-05-14,BULL
2025-05-15,BULL
2025-05-16,BULL
2025-05-17,BULL
2025-05-18,BULL
2025-05-19,BULL
2025-05-20,BULL
2025-05-21,BULL
2025-05-22,BULL
2025-05-23,BULL
2025-05-24,BULL
2025-05-25,BULL
2025-05-26,BULL
2025-05-27,BULL
2025-05-28,BULL
2025-05-29,BULL
2025-05-30,BULL
2025-05-31,BULL
2025-06-01,BULL
2025-06-02,BULL
2025-06-03,BULL
2025-06-04,CHOP
2025-06-05,CHOP
2025-06-06,CHOP
2025-06-07,CHOP
2025-06-08,CHOP
2025-06-09,CHOP
2025-06-10,CHOP
2025-06-11,CHOP
2025-06-12,CHOP
2025-06-13,CHOP
2025-06-14,CHOP
2025-06-15,CHOP
2025-06-16,CHOP
2025-06-17,CHOP
2025-06-18,CHOP
2025-06-19,CHOP
2025-06-20,CHOP
2025-06-21,CHOP
2025-06-22,CHOP
2025-06-23,CHOP
2025-06-24,CHOP
2025-06-25,CHOP
2025-06-26,CHOP
2025-06-27,CHOP
2025-06-28,CHOP
2025-06-29,CHOP
2025-06-30,CHOP
2025-07-01,CHOP
2025-07-02,CHOP
2025-07-03,CHOP
2025-07-04,CHOP
2025-07-05,CHOP
2025-07-06,CHOP
2025-07-07,CHOP
2025-07-08,CHOP
2025-07-09,CHOP
2025-07-10,CHOP
2025-07-11,CHOP
2025-07-12,CHOP
2025-07-13,BULL
2025-07-14,BULL
2025-07-15,BULL
2025-07-16,BULL
2025-07-17,BULL
2025-07-18,BULL
2025-07-19,BULL
2025-07-20,BULL
2025-07-21,BULL
2025-07-22,BULL
2025-07-23,BULL
2025-07-24,BULL
2025-07-25,BULL
2025-07-26,BULL
2025-07-27,BULL
2025-07-28,BULL
2025-07-29,BULL
2025-07-30,BULL
2025-07-31,BULL
2025-08-01,BULL
2025-08-02,BULL
2025-08-03,BULL
2025-08-04,BULL
2025-08-05,BULL
2025-08-06,CHOP
2025-08-07,CHOP
2025-08-08,CHOP
2025-08-09,CHOP
2025-08-10,CHOP
2025-08-11,CHOP
2025-08-12,CHOP
2025-08-13,BULL
2025-08-14,BULL
2025-08-15,BULL
2025-08-16,BULL
2025-08-17,BULL
2025-08-18,BULL
2025-08-19,CHOP
2025-08-20,CHOP
2025-08-21,CHOP
2025-08-22,CHOP
2025-08-23,CHOP
2025-08-24,CHOP
2025-08-25,CRISIS
2025-08-26,CRISIS
2025-08-27,CHOP
2025-08-28,CHOP
2025-08-29,CRISIS
2025-08-30,CHOP
2025-08-31,CHOP
2025-09-01,CHOP
2025-09-02,CHOP
2025-09-03,CHOP
2025-09-04,CHOP
2025-09-05,CHOP
2025-09-06,CHOP
2025-09-07,CHOP
2025-09-08,CHOP
2025-09-09,CHOP
2025-09-10,CHOP
2025-09-11,CHOP
2025-09-12,CHOP
2025-09-13,CHOP
2025-09-14,CHOP
2025-09-15,CHOP
2025-09-16,CHOP
2025-09-17,CHOP
2025-09-18,CHOP
2025-09-19,CHOP
2025-09-20,CHOP
2025-09-21,CHOP
2025-09-22,CHOP
2025-09-23,CHOP
2025-09-24,CHOP
2025-09-25,CHOP
2025-09-26,CHOP
2025-09-27,CHOP
2025-09-28,CHOP
2025-09-29,CHOP
2025-09-30,CHOP
2025-10-01,CHOP
2025-10-02,CHOP
2025-10-03,CHOP
2025-10-04,CHOP
2025-10-05,CHOP
2025-10-06,CHOP
2025-10-07,CHOP
2025-10-08,CHOP
2025-10-09,CHOP
2025-10-10,CRISIS
2025-10-11,CRISIS
2025-10-12,CRISIS
2025-10-13,CRISIS
2025-10-14,CRISIS
2025-10-15,CRISIS
2025-10-16,CRISIS
2025-10-17,CRISIS
2025-10-18,CRISIS
2025-10-19,CHOP
2025-10-20,CHOP
2025-10-21,CRISIS
2025-10-22,CRISIS
2025-10-23,CHOP
2025-10-24,CHOP
2025-10-25,CHOP
2025-10-26,CHOP
2025-10-27,CHOP
2025-10-28,CHOP
2025-10-29,CHOP
2025-10-30,BEAR
2025-10-31,CHOP
2025-11-01,CHOP
2025-11-02,CHOP
2025-11-03,BEAR
2025-11-04,CRISIS
2025-11-05,CRISIS
2025-11-06,CRISIS
2025-11-07,CRISIS
2025-11-08,BEAR
2025-11-09,BEAR
2025-11-10,BEAR
2025-11-11,BEAR
2025-11-12,BEAR
2025-11-13,CRISIS
2025-11-14,CRISIS
2025-11-15,CRISIS
2025-11-16,CRISIS
2025-11-17,CRISIS
2025-11-18,CRISIS
2025-11-19,CRISIS
2025-11-20,CRISIS
2025-11-21,CRISIS
2025-11-22,CRISIS
2025-11-23,CRISIS
2025-11-24,CRISIS
2025-11-25,BEAR
2025-11-26,BEAR
2025-11-27,BEAR
2025-11-28,BEAR
2025-11-29,BEAR
2025-11-30,BEAR
2025-12-01,BEAR
2025-12-02,BEAR
2025-12-03,BEAR
2025-12-04,BEAR
2025-12-05,BEAR
2025-12-06,BEAR
2025-12-07,BEAR
2025-12-08,BEAR
2025-12-09,BEAR
2025-12-10,BEAR
2025-12-11,BEAR
2025-12-12,BEAR
2025-12-13,BEAR
2025-12-14,BEAR
2025-12-15,BEAR
2025-12-16,BEAR
2025-12-17,BEAR
2025-12-18,BEAR
2025-12-19,BEAR
2025-12-20,BEAR
2025-12-21,BEAR
2025-12-22,BEAR
2025-12-23,BEAR
2025-12-24,BEAR
2025-12-25,BEAR
2025-12-26,BEAR
2025-12-27,BEAR
2025-12-28,CHOP
2025-12-29,CHOP
2025-12-30,CHOP
2025-12-31,CHOP
2026-01-01,CHOP
2026-01-02,CHOP
2026-01-03,CHOP
2026-01-04,CHOP
2026-01-05,BEAR
2026-01-06,BEAR
2026-01-07,BEAR
2026-01-08,BEAR
2026-01-09,BEAR
2026-01-10,BEAR
2026-01-11,BEAR
2026-01-12,CHOP
2026-01-13,CHOP
2026-01-14,CHOP
2026-01-15,CHOP
2026-01-16,CHOP
2026-01-17,CHOP
2026-01-18,CHOP
2026-01-19,CHOP
2026-01-20,CHOP
2026-01-21,CHOP
2026-01-22,CHOP
2026-01-23,CHOP
2026-01-24,CHOP
2026-01-25,CHOP
2026-01-26,CHOP
2026-01-27,CHOP
2026-01-28,CHOP
2026-01-29,CHOP
2026-01-30,CHOP
2026-01-31,CHOP
2026-02-01,CHOP
2026-02-02,BEAR
2026-02-03,BEAR
2026-02-04,CRISIS
2026-02-05,CRISIS
2026-02-06,CRISIS
2026-02-07,CRISIS
2026-02-08,CRISIS
2026-02-09,CRISIS
2026-02-10,BEAR
2026-02-11,CRISIS
2026-02-12,BEAR
2026-02-13,BEAR
2026-02-14,BEAR
2026-02-15,BEAR
2026-02-16,BEAR
2026-02-17,BEAR
2026-02-18,BEAR
2026-02-19,BEAR
2026-02-20,BEAR
2026-02-21,BEAR
2026-02-22,BEAR
2026-02-23,BEAR
2026-02-24,BEAR
2026-02-25,BEAR
2026-02-26,BEAR
2026-02-27,BEAR
2026-02-28,BEAR
2026-03-01,BEAR
2026-03-02,BEAR
2026-03-03,BEAR
2026-03-04,BEAR
2026-03-05,BEAR
2026-03-06,BEAR
2026-03-07,BEAR
2026-03-08,BEAR
2026-03-09,BEAR
2026-03-10,BEAR
2026-03-11,BEAR
2026-03-12,BEAR
2026-03-13,BEAR
2026-03-14,BEAR
2026-03-15,BEAR
2026-03-16,BEAR
2026-03-17,BEAR
2026-03-18,BEAR
2026-03-19,BEAR
2026-03-20,BEAR
2026-03-21,BEAR
2026-03-22,BEAR
2026-03-23,CHOP
2026-03-24,CHOP
2026-03-25,CHOP
2026-03-26,CHOP
2026-03-27,CHOP
2026-03-28,CHOP
2026-03-29,CHOP
2026-03-30,CHOP
2026-03-31,CHOP
2026-04-01,CHOP
2026-04-02,CHOP
2026-04-03,CHOP
2026-04-04,CHOP
2026-04-05,CHOP
2026-04-06,CHOP
2026-04-07,CHOP
2026-04-08,CHOP
2026-04-09,CHOP
2026-04-10,CHOP
2026-04-11,CHOP
2026-04-12,CHOP
2026-04-13,CHOP
2026-04-14,CHOP
2026-04-15,CHOP
2026-04-16,CHOP
2026-04-17,CHOP
2026-04-18,CHOP
2026-04-19,CHOP
2026-04-20,CHOP
2026-04-21,CHOP
2026-04-22,CHOP
2026-04-23,CHOP
2026-04-24,CHOP
2026-04-25,CHOP
2026-04-26,CHOP
2026-04-27,CHOP
2026-04-28,CHOP
2026-04-29,CHOP
2026-04-30,CHOP
2026-05-01,CHOP
2026-05-02,CHOP
2026-05-03,CHOP
2026-05-04,CHOP
2026-05-05,CHOP
2026-05-06,CHOP
2026-05-07,CHOP
2026-05-08,CHOP
2026-05-09,CHOP
2026-05-10,BULL
2026-05-11,CHOP
2026-05-12,CHOP
2026-05-13,CHOP
2026-05-14,CHOP
2026-05-15,CHOP
2026-05-16,CHOP
2026-05-17,CHOP
2026-05-18,CHOP
2026-05-19,CHOP
2026-05-20,CHOP
2026-05-21,CHOP
2026-05-22,CHOP
2026-05-23,CHOP
2026-05-24,CHOP
2026-05-25,CHOP
2026-05-26,CHOP
2026-05-27,CHOP
2026-05-28,CHOP
2026-05-29,CHOP
2026-05-30,CHOP
2026-05-31,CHOP
2026-06-01,CHOP
2026-06-02,CHOP
2026-06-03,CHOP
2026-06-04,BEAR
2026-06-05,BEAR
2026-06-06,BEAR
2026-06-07,BEAR
2026-06-08,BEAR
2026-06-09,BEAR
2026-06-10,BEAR
2026-06-11,BEAR
2026-06-12,BEAR
2026-06-13,BEAR
2026-06-14,BEAR
2026-06-15,BEAR
2026-06-16,BEAR
2026-06-17,BEAR
2026-06-18,BEAR
2026-06-19,BEAR
2026-06-20,BEAR
2026-06-21,BEAR
2026-06-22,BEAR
2026-06-23,BEAR
2026-06-24,BEAR
2026-06-25,BEAR
2026-06-26,BEAR
2026-06-27,BEAR
2026-06-28,BEAR
2026-06-29,BEAR
2026-06-30,BEAR
2026-07-01,BEAR
2026-07-02,BEAR
2026-07-03,BEAR
2026-07-04,BEAR
2026-07-05,BEAR
2026-07-06,BEAR
2026-07-07,BEAR
2026-07-08,BEAR
2026-07-09,BEAR
2026-07-10,BEAR
2026-07-11,BEAR
2026-07-12,BEAR
2026-07-13,BEAR
2026-07-14,BEAR
2026-07-15,BEAR
2026-07-16,BEAR
2026-07-17,BEAR
2026-07-18,BEAR
2026-07-19,BEAR
2026-07-20,BEAR
2026-07-21,CHOP
2026-07-22,CHOP
2026-07-23,CHOP
2026-07-24,CHOP
2026-07-25,CHOP
2026-07-26,CHOP
2026-07-27,CHOP
2026-07-28,CHOP
2026-07-29,CHOP
2026-07-30,CHOP
2026-07-31,CHOP
2026-08-01,CHOP
2026-08-02,CHOP
2026-08-03,CHOP
2026-08-04,CHOP
2026-08-05,CHOP
2026-08-06,CHOP
2026-08-07,CHOP
2026-08-08,CHOP
2026-08-09,CHOP
2026-08-10,CHOP
2026-08-11,CHOP
2026-08-12,CHOP
2026-08-13,CHOP
2026-08-14,CHOP
2026-08-15,CHOP
2026-08-16,CHOP
2026-08-17,CHOP
2026-08-18,CHOP
2026-08-19,CHOP
2026-08-20,CHOP
2026-08-21,CHOP
2026-08-22,CHOP
2026-08-23,BULL
2026-08-24,BULL
2026-08-25,BULL
2026-08-26,BULL
2026-08-27,BULL
2026-08-28,BULL
2026-08-29,BULL
2026-08-30,BULL
2026-08-31,BULL
