year,month,return_pct,trades,period
2022,2,0.069,61,IS
2022,3,0.052,49,IS
2022,4,0.077,55,IS
2022,5,0.037,53,IS
2022,6,0.018,54,IS
2022,7,-0.028,69,IS
2022,8,0.02,64,IS
2022,9,-0.057,105,IS
2022,10,0.088,73,IS
2022,11,0.005,75,IS
2022,12,0.043,69,IS
2023,1,0.06,95,IS
2023,2,0.076,80,IS
2023,3,0.022,74,IS
2023,4,0.012,69,IS
2023,5,0.004,69,IS
2023,6,0.011,88,IS
2023,7,0.008,81,IS
2023,8,0.085,89,IS
2023,9,0.019,66,IS
2023,10,0.084,72,IS
2023,11,0.027,77,IS
2023,12,0.069,88,IS
2024,1,0.017,72,IS
2024,2,0.01,90,IS
2024,3,0.061,71,IS
2024,4,-0.004,79,IS
2024,5,0.03,80,IS
2024,6,0.033,67,IS
2024,7,0.049,81,IS
2024,8,-0.009,78,IS
2024,9,0.026,76,IS
2024,10,-0.045,78,IS
2024,11,0.147,95,IS
2024,12,0.033,69,IS
2025,1,0.055,86,IS
2025,2,0.045,53,IS
2025,3,-0.012,55,IS
2025,4,0.07,73,IS
2025,5,0.02,104,IS
2025,6,0.044,66,IS
2025,7,0.059,90,IS
2025,8,0.038,79,IS
2025,9,0.014,82,IS
2025,10,0.014,75,IS
2025,11,0.075,76,IS
2025,12,-0.005,100,IS
2026,1,0.12,84,OOS
2026,2,0.145,90,OOS
2026,3,0.082,64,OOS
2026,4,-0.024,66,OOS
2026,5,0.024,80,OOS
2026,6,0.098,85,OOS
2026,7,0.002,83,OOS
2026,8,0.073,75,OOS
