edge_id,strategy,symbol,tf,family,model,weight_pct,account_size_usd,notional_allocation_usd,risk_per_trade_usd,weight_equal,weight_risk_parity,weight_kelly,weight_alpha
1,S30b_MidWeek_MeanReversion,XMR_USDT_USDT,1H,TimeBased,Risk Parity,4.224,10000,422.39,4.22,6.25,4.224,6.309,10.5
1,S30b_MidWeek_MeanReversion,XMR_USDT_USDT,1H,TimeBased,Risk Parity,4.224,50000,2111.95,21.12,6.25,4.224,6.309,10.5
1,S30b_MidWeek_MeanReversion,XMR_USDT_USDT,1H,TimeBased,Risk Parity,4.224,100000,4223.89,42.24,6.25,4.224,6.309,10.5
2,S30a_DOW_Seasonality,ATOM_USDT_USDT,4H,TimeBased,Risk Parity,4.294,10000,429.37,4.29,6.25,4.294,6.304,10.113
2,S30a_DOW_Seasonality,ATOM_USDT_USDT,4H,TimeBased,Risk Parity,4.294,50000,2146.86,21.47,6.25,4.294,6.304,10.113
2,S30a_DOW_Seasonality,ATOM_USDT_USDT,4H,TimeBased,Risk Parity,4.294,100000,4293.73,42.94,6.25,4.294,6.304,10.113
3,S30a_DOW_Seasonality,ADA_USDT_USDT,4H,TimeBased,Risk Parity,4.142,10000,414.16,4.14,6.25,4.142,6.309,9.328
3,S30a_DOW_Seasonality,ADA_USDT_USDT,4H,TimeBased,Risk Parity,4.142,50000,2070.8,20.71,6.25,4.142,6.309,9.328
3,S30a_DOW_Seasonality,ADA_USDT_USDT,4H,TimeBased,Risk Parity,4.142,100000,4141.59,41.42,6.25,4.142,6.309,9.328
4,S30a_DOW_Seasonality,BSV_USDT_USDT,4H,TimeBased,Risk Parity,4.254,10000,425.35,4.25,6.25,4.254,6.309,9.166
4,S30a_DOW_Seasonality,BSV_USDT_USDT,4H,TimeBased,Risk Parity,4.254,50000,2126.75,21.27,6.25,4.254,6.309,9.166
4,S30a_DOW_Seasonality,BSV_USDT_USDT,4H,TimeBased,Risk Parity,4.254,100000,4253.51,42.54,6.25,4.254,6.309,9.166
5,S30a_DOW_Seasonality,ETC_USDT_USDT,4H,TimeBased,Risk Parity,4.156,10000,415.61,4.16,6.25,4.156,5.369,8.571
5,S30a_DOW_Seasonality,ETC_USDT_USDT,4H,TimeBased,Risk Parity,4.156,50000,2078.06,20.78,6.25,4.156,5.369,8.571
5,S30a_DOW_Seasonality,ETC_USDT_USDT,4H,TimeBased,Risk Parity,4.156,100000,4156.13,41.56,6.25,4.156,5.369,8.571
6,S30a_DOW_Seasonality,AVAX_USDT_USDT,4H,TimeBased,Risk Parity,4.084,10000,408.36,4.08,6.25,4.084,6.309,7.943
6,S30a_DOW_Seasonality,AVAX_USDT_USDT,4H,TimeBased,Risk Parity,4.084,50000,2041.81,20.42,6.25,4.084,6.309,7.943
6,S30a_DOW_Seasonality,AVAX_USDT_USDT,4H,TimeBased,Risk Parity,4.084,100000,4083.63,40.84,6.25,4.084,6.309,7.943
7,S30a_DOW_Seasonality,QTUM_USDT_USDT,4H,TimeBased,Risk Parity,4.343,10000,434.34,4.34,6.25,4.343,6.309,8.645
7,S30a_DOW_Seasonality,QTUM_USDT_USDT,4H,TimeBased,Risk Parity,4.343,50000,2171.69,21.72,6.25,4.343,6.309,8.645
7,S30a_DOW_Seasonality,QTUM_USDT_USDT,4H,TimeBased,Risk Parity,4.343,100000,4343.37,43.43,6.25,4.343,6.309,8.645
8,S30b_MidWeek_MeanReversion,TWT_USDT_USDT,4H,TimeBased,Risk Parity,8.214,10000,821.42,8.21,6.25,8.214,6.309,6.024
8,S30b_MidWeek_MeanReversion,TWT_USDT_USDT,4H,TimeBased,Risk Parity,8.214,50000,4107.12,41.07,6.25,8.214,6.309,6.024
8,S30b_MidWeek_MeanReversion,TWT_USDT_USDT,4H,TimeBased,Risk Parity,8.214,100000,8214.23,82.14,6.25,8.214,6.309,6.024
9,S30d_NY_London_Momentum,DOT_USDT_USDT,1H,TimeBased,Risk Parity,5.385,10000,538.51,5.39,6.25,5.385,6.309,4.891
9,S30d_NY_London_Momentum,DOT_USDT_USDT,1H,TimeBased,Risk Parity,5.385,50000,2692.57,26.93,6.25,5.385,6.309,4.891
9,S30d_NY_London_Momentum,DOT_USDT_USDT,1H,TimeBased,Risk Parity,5.385,100000,5385.14,53.85,6.25,5.385,6.309,4.891
10,S30d_NY_London_Momentum,XLM_USDT_USDT,1H,TimeBased,Risk Parity,5.421,10000,542.08,5.42,6.25,5.421,6.309,4.7
10,S30d_NY_London_Momentum,XLM_USDT_USDT,1H,TimeBased,Risk Parity,5.421,50000,2710.41,27.1,6.25,5.421,6.309,4.7
10,S30d_NY_London_Momentum,XLM_USDT_USDT,1H,TimeBased,Risk Parity,5.421,100000,5420.83,54.21,6.25,5.421,6.309,4.7
11,R13_ATR_Range_Expansion,ETH_USDT_USDT,4H,RegimeAdaptive,Risk Parity,7.378,10000,737.77,7.38,6.25,7.378,6.309,4.713
11,R13_ATR_Range_Expansion,ETH_USDT_USDT,4H,RegimeAdaptive,Risk Parity,7.378,50000,3688.87,36.89,6.25,7.378,6.309,4.713
11,R13_ATR_Range_Expansion,ETH_USDT_USDT,4H,RegimeAdaptive,Risk Parity,7.378,100000,7377.74,73.78,6.25,7.378,6.309,4.713
12,R15_Volume_Breakout,SAND_USDT_USDT,4H,RegimeAdaptive,Risk Parity,6.184,10000,618.41,6.18,6.25,6.184,6.309,4.726
12,R15_Volume_Breakout,SAND_USDT_USDT,4H,RegimeAdaptive,Risk Parity,6.184,50000,3092.04,30.92,6.25,6.184,6.309,4.726
12,R15_Volume_Breakout,SAND_USDT_USDT,4H,RegimeAdaptive,Risk Parity,6.184,100000,6184.08,61.84,6.25,6.184,6.309,4.726
13,R01_EMA_Cross,OP_USDT_USDT,4H,RegimeAdaptive,Risk Parity,15.831,10000,1583.11,15.83,6.25,15.831,6.309,2.588
13,R01_EMA_Cross,OP_USDT_USDT,4H,RegimeAdaptive,Risk Parity,15.831,50000,7915.53,79.16,6.25,15.831,6.309,2.588
13,R01_EMA_Cross,OP_USDT_USDT,4H,RegimeAdaptive,Risk Parity,15.831,100000,15831.07,158.31,6.25,15.831,6.309,2.588
14,R15_Volume_Breakout,OP_USDT_USDT,4H,RegimeAdaptive,Risk Parity,6.16,10000,616.0,6.16,6.25,6.16,6.309,3.074
14,R15_Volume_Breakout,OP_USDT_USDT,4H,RegimeAdaptive,Risk Parity,6.16,50000,3079.98,30.8,6.25,6.16,6.309,3.074
14,R15_Volume_Breakout,OP_USDT_USDT,4H,RegimeAdaptive,Risk Parity,6.16,100000,6159.96,61.6,6.25,6.16,6.309,3.074
15,R01_EMA_Cross,INJ_USDT_USDT,1H,RegimeAdaptive,Risk Parity,8.171,10000,817.14,8.17,6.25,8.171,6.309,4.022
15,R01_EMA_Cross,INJ_USDT_USDT,1H,RegimeAdaptive,Risk Parity,8.171,50000,4085.68,40.86,6.25,8.171,6.309,4.022
15,R01_EMA_Cross,INJ_USDT_USDT,1H,RegimeAdaptive,Risk Parity,8.171,100000,8171.36,81.71,6.25,8.171,6.309,4.022
16,R16_Trend_Plus_RSI_Pullback,DOGE_USDT_USDT,4H,RegimeAdaptive,Risk Parity,7.76,10000,775.97,7.76,6.25,7.76,6.309,0.997
16,R16_Trend_Plus_RSI_Pullback,DOGE_USDT_USDT,4H,RegimeAdaptive,Risk Parity,7.76,50000,3879.87,38.8,6.25,7.76,6.309,0.997
16,R16_Trend_Plus_RSI_Pullback,DOGE_USDT_USDT,4H,RegimeAdaptive,Risk Parity,7.76,100000,7759.74,77.6,6.25,7.76,6.309,0.997
