strategy,symbol,tf,metric,before,after,delta
S30_Seasonality,TWT_USDT_USDT,4H,sharpe,1.56,1.1118,-0.44820000000000015
S30_Seasonality,TWT_USDT_USDT,4H,sortino,3.18,2.026,-1.1540000000000004
S30_Seasonality,TWT_USDT_USDT,4H,calmar,2.57,0.7849,-1.7851
S30_Seasonality,TWT_USDT_USDT,4H,pf,1.47,1.2802,-0.18979999999999997
S30_Seasonality,TWT_USDT_USDT,4H,max_dd,-4.22,-5.43,-1.21
S30_Seasonality,TWT_USDT_USDT,4H,win_rate,52.52,50.17,-2.3500000000000014
S30_Seasonality,TWT_USDT_USDT,4H,cagr,10.86,4.26,-6.6
S30_Seasonality,TWT_USDT_USDT,4H,total_return,37.71,13.84,-23.87
S30_Seasonality,TWT_USDT_USDT,4H,trades,278.0,295.0,17.0
S13_Hull_MA_Trend,1000LUNC_USDT_USDT,1D,sharpe,0.95,1.1183,0.16830000000000012
S13_Hull_MA_Trend,1000LUNC_USDT_USDT,1D,sortino,4.17,6.1517,1.9817
S13_Hull_MA_Trend,1000LUNC_USDT_USDT,1D,calmar,1.84,1.0468,-0.7932000000000001
S13_Hull_MA_Trend,1000LUNC_USDT_USDT,1D,pf,1.92,1.9094,-0.010599999999999943
S13_Hull_MA_Trend,1000LUNC_USDT_USDT,1D,max_dd,-2.01,-3.53,-1.52
S13_Hull_MA_Trend,1000LUNC_USDT_USDT,1D,win_rate,58.06,58.06,0.0
S13_Hull_MA_Trend,1000LUNC_USDT_USDT,1D,cagr,3.68,3.69,0.009999999999999787
S13_Hull_MA_Trend,1000LUNC_USDT_USDT,1D,total_return,11.1,12.75,1.6500000000000004
S13_Hull_MA_Trend,1000LUNC_USDT_USDT,1D,trades,31.0,31.0,0.0
S13_Hull_MA_Trend,ZEN_USDT_USDT,1D,sharpe,1.05,0.9721,-0.07790000000000008
S13_Hull_MA_Trend,ZEN_USDT_USDT,1D,sortino,3.72,3.2529,-0.4671000000000003
S13_Hull_MA_Trend,ZEN_USDT_USDT,1D,calmar,1.7,0.9071,-0.7928999999999999
S13_Hull_MA_Trend,ZEN_USDT_USDT,1D,pf,1.91,1.8844,-0.025599999999999845
S13_Hull_MA_Trend,ZEN_USDT_USDT,1D,max_dd,-3.0,-4.94,-1.9400000000000004
S13_Hull_MA_Trend,ZEN_USDT_USDT,1D,win_rate,56.86,56.52,-0.3399999999999963
S13_Hull_MA_Trend,ZEN_USDT_USDT,1D,cagr,5.08,4.48,-0.5999999999999996
S13_Hull_MA_Trend,ZEN_USDT_USDT,1D,total_return,21.92,19.17,-2.75
S13_Hull_MA_Trend,ZEN_USDT_USDT,1D,trades,51.0,46.0,-5.0
S28_MTF_RSI_Align,MANA_USDT_USDT,1H,sharpe,1.24,2.7638,1.5237999999999998
S28_MTF_RSI_Align,MANA_USDT_USDT,1H,sortino,4.07,8.8104,4.740399999999999
S28_MTF_RSI_Align,MANA_USDT_USDT,1H,calmar,2.07,7.9005,5.830500000000001
S28_MTF_RSI_Align,MANA_USDT_USDT,1H,pf,1.4,1.6982,0.2982
S28_MTF_RSI_Align,MANA_USDT_USDT,1H,max_dd,-8.17,-9.29,-1.1199999999999992
S28_MTF_RSI_Align,MANA_USDT_USDT,1H,win_rate,49.66,52.44,2.780000000000001
S28_MTF_RSI_Align,MANA_USDT_USDT,1H,cagr,16.92,73.39,56.47
S28_MTF_RSI_Align,MANA_USDT_USDT,1H,total_return,86.43,802.57,716.1400000000001
S28_MTF_RSI_Align,MANA_USDT_USDT,1H,trades,290.0,696.0,406.0
S13_Hull_MA_Trend,CHZ_USDT_USDT,1D,sharpe,0.99,0.8382,-0.15180000000000005
S13_Hull_MA_Trend,CHZ_USDT_USDT,1D,sortino,3.12,2.4058,-0.7142
S13_Hull_MA_Trend,CHZ_USDT_USDT,1D,calmar,1.39,2.2036,0.8135999999999999
S13_Hull_MA_Trend,CHZ_USDT_USDT,1D,pf,1.86,2.1755,0.3154999999999999
S13_Hull_MA_Trend,CHZ_USDT_USDT,1D,max_dd,-3.52,-2.02,1.5
S13_Hull_MA_Trend,CHZ_USDT_USDT,1D,win_rate,56.0,59.46,3.460000000000001
S13_Hull_MA_Trend,CHZ_USDT_USDT,1D,cagr,4.89,4.45,-0.4399999999999995
S13_Hull_MA_Trend,CHZ_USDT_USDT,1D,total_return,20.87,19.01,-1.8599999999999994
S13_Hull_MA_Trend,CHZ_USDT_USDT,1D,trades,50.0,37.0,-13.0
S28_MTF_RSI_Align,AVAX_USDT_USDT,1H,sharpe,1.06,1.4921,0.43209999999999993
S28_MTF_RSI_Align,AVAX_USDT_USDT,1H,sortino,3.1,4.3356,1.2356000000000003
S28_MTF_RSI_Align,AVAX_USDT_USDT,1H,calmar,2.34,3.8359,1.4959000000000002
S28_MTF_RSI_Align,AVAX_USDT_USDT,1H,pf,1.46,1.7848,0.3248
S28_MTF_RSI_Align,AVAX_USDT_USDT,1H,max_dd,-7.2,-4.14,3.0600000000000005
S28_MTF_RSI_Align,AVAX_USDT_USDT,1H,win_rate,50.59,57.06,6.469999999999999
S28_MTF_RSI_Align,AVAX_USDT_USDT,1H,cagr,16.82,15.86,-0.9600000000000009
S28_MTF_RSI_Align,AVAX_USDT_USDT,1H,total_return,86.01,79.99,-6.02000000000001
S28_MTF_RSI_Align,AVAX_USDT_USDT,1H,trades,255.0,163.0,-92.0
S11_Supertrend,ANKR_USDT_USDT,4H,sharpe,1.41,0.6716,-0.7384
S11_Supertrend,ANKR_USDT_USDT,4H,sortino,6.2,2.364,-3.8360000000000003
S11_Supertrend,ANKR_USDT_USDT,4H,calmar,0.83,0.5591,-0.2708999999999999
S11_Supertrend,ANKR_USDT_USDT,4H,pf,1.75,1.1609,-0.5891
S11_Supertrend,ANKR_USDT_USDT,4H,max_dd,-9.93,-8.1,1.83
S11_Supertrend,ANKR_USDT_USDT,4H,win_rate,48.05,45.7,-2.3499999999999943
S11_Supertrend,ANKR_USDT_USDT,4H,cagr,8.23,4.53,-3.7
S11_Supertrend,ANKR_USDT_USDT,4H,total_return,36.5,19.36,-17.14
S11_Supertrend,ANKR_USDT_USDT,4H,trades,77.0,186.0,109.0
S28_MTF_RSI_Align,ZRX_USDT_USDT,1H,sharpe,1.33,2.6339,1.3039
S28_MTF_RSI_Align,ZRX_USDT_USDT,1H,sortino,4.17,7.6673,3.4973
S28_MTF_RSI_Align,ZRX_USDT_USDT,1H,calmar,1.89,7.0244,5.1344
S28_MTF_RSI_Align,ZRX_USDT_USDT,1H,pf,1.51,1.9211,0.4111
S28_MTF_RSI_Align,ZRX_USDT_USDT,1H,max_dd,-9.38,-6.13,3.250000000000001
S28_MTF_RSI_Align,ZRX_USDT_USDT,1H,win_rate,51.05,54.63,3.5800000000000054
S28_MTF_RSI_Align,ZRX_USDT_USDT,1H,cagr,17.72,43.04,25.32
S28_MTF_RSI_Align,ZRX_USDT_USDT,1H,total_return,84.39,282.14,197.75
S28_MTF_RSI_Align,ZRX_USDT_USDT,1H,trades,239.0,324.0,85.0
S11_Supertrend,AVAX_USDT_USDT,4H,sharpe,1.0,1.3057,0.3057000000000001
S11_Supertrend,AVAX_USDT_USDT,4H,sortino,3.58,6.1686,2.5885999999999996
S11_Supertrend,AVAX_USDT_USDT,4H,calmar,1.41,1.4618,0.05180000000000007
S11_Supertrend,AVAX_USDT_USDT,4H,pf,1.63,1.7855,0.1555000000000002
S11_Supertrend,AVAX_USDT_USDT,4H,max_dd,-5.02,-8.09,-3.0700000000000003
S11_Supertrend,AVAX_USDT_USDT,4H,win_rate,45.57,44.09,-1.4799999999999969
S11_Supertrend,AVAX_USDT_USDT,4H,cagr,7.09,11.82,4.73
S11_Supertrend,AVAX_USDT_USDT,4H,total_return,30.4,56.2,25.800000000000004
S11_Supertrend,AVAX_USDT_USDT,4H,trades,79.0,93.0,14.0
S02_Inverted_Hammer_Long,CHZ_USDT_USDT,4H,sharpe,0.94,0.3824,-0.5575999999999999
S02_Inverted_Hammer_Long,CHZ_USDT_USDT,4H,sortino,3.25,1.4765,-1.7735
S02_Inverted_Hammer_Long,CHZ_USDT_USDT,4H,calmar,0.79,0.1574,-0.6326
S02_Inverted_Hammer_Long,CHZ_USDT_USDT,4H,pf,2.08,1.3014,-0.7786000000000002
S02_Inverted_Hammer_Long,CHZ_USDT_USDT,4H,max_dd,-6.28,-4.07,2.21
S02_Inverted_Hammer_Long,CHZ_USDT_USDT,4H,win_rate,50.0,52.94,2.9399999999999977
S02_Inverted_Hammer_Long,CHZ_USDT_USDT,4H,cagr,4.94,0.64,-4.300000000000001
S02_Inverted_Hammer_Long,CHZ_USDT_USDT,4H,total_return,21.0,2.56,-18.44
S02_Inverted_Hammer_Long,CHZ_USDT_USDT,4H,trades,30.0,17.0,-13.0
