edge_id,strategy,symbol,tf,n_trades,base_sharpe,t1,t2,t3,t4,t5,t6,t7,t8,t9,score,status,t1_observed_maxdd,t1_pct5_maxdd,t2_sharpe_ci_lower,t2_sharpe_ci_upper,t3_p_value,t4_degradation_pct,t5_std_jittered,t6_bull_pf,t6_bear_pf,t6_chop_pf,t7_p_value,t8_dsr,t8_skew,t8_kurt,t9_pbo_portfolio
1,S30b_MidWeek_MeanReversion,XMR_USDT_USDT,1H,812,0.542,False,False,False,True,False,True,True,False,False,3,DROP,-126.03,-1070.89,-0.37,1.267,0.122,-54.86,0.117,1.244,1.022,1.048,0.044,0.0016,9.493,336.965,0.542
2,S30a_DOW_Seasonality,ATOM_USDT_USDT,4H,333,1.358,False,False,True,True,False,True,True,False,False,4,DROP,-58.9,-706.12,0.465,2.191,0.0,8.51,0.106,0.716,2.448,1.222,0.0,0.1776,1.757,13.553,0.542
3,S30a_DOW_Seasonality,ADA_USDT_USDT,4H,334,1.203,False,False,True,True,True,True,True,False,False,5,MONITOR,-57.02,-797.14,0.304,2.044,0.004,1.42,0.175,2.043,1.196,1.225,0.004,0.1011,1.918,13.816,0.542
4,S30a_DOW_Seasonality,BSV_USDT_USDT,4H,325,1.427,False,True,True,True,False,True,True,False,False,5,MONITOR,-47.98,-677.05,0.556,2.238,0.0,20.16,0.085,1.347,1.527,1.469,0.0,0.2151,2.152,14.423,0.542
5,S30a_DOW_Seasonality,ETC_USDT_USDT,4H,339,-0.452,False,False,False,True,False,True,False,False,False,2,DROP,-103.38,-850.59,-0.821,1.104,0.785,-331.81,0.133,1.749,1.003,1.387,0.922,0.0,-40.875,1676.082,0.542
6,S30a_DOW_Seasonality,AVAX_USDT_USDT,4H,348,1.179,False,False,True,True,False,True,True,False,False,4,DROP,-68.08,-780.11,0.334,1.995,0.004,-22.54,0.142,1.548,1.202,1.416,0.002,0.0846,3.122,32.284,0.542
7,S30a_DOW_Seasonality,QTUM_USDT_USDT,4H,320,1.138,False,False,True,True,False,True,True,False,False,4,DROP,-90.23,-604.04,0.294,1.889,0.001,-21.97,0.1,3.383,1.068,1.45,0.0,0.0574,5.977,97.756,0.542
8,S30b_MidWeek_MeanReversion,TWT_USDT_USDT,4H,191,1.248,False,False,True,True,False,True,True,False,False,4,DROP,-73.99,-464.79,0.233,2.252,0.012,15.16,0.122,1.656,1.475,1.256,0.006,0.0817,0.66,43.16,0.542
9,S30d_NY_London_Momentum,DOT_USDT_USDT,1H,188,0.946,False,False,True,True,True,True,True,False,False,5,MONITOR,-84.18,-713.6,0.161,1.571,0.004,-17.86,0.171,1.547,1.767,1.076,0.005,0.009,12.384,273.817,0.542
10,S30d_NY_London_Momentum,XLM_USDT_USDT,1H,188,0.538,False,False,False,True,False,True,True,False,False,3,DROP,-99.24,-667.79,0.091,1.065,0.093,-50.83,0.128,1.524,0.976,2.215,0.035,0.0,40.141,1631.825,0.542
11,R13_ATR_Range_Expansion,ETH_USDT_USDT,4H,113,1.493,False,True,True,False,False,True,True,False,False,4,DROP,-33.1,-407.83,0.593,2.294,0.0,34.82,0.065,2.582,1.917,0.396,0.001,0.1699,3.974,35.735,0.542
12,R15_Volume_Breakout,SAND_USDT_USDT,4H,149,-0.039,False,False,False,True,False,True,False,False,False,2,DROP,-106.47,-776.79,-0.735,1.321,0.532,-2426.59,0.193,1.894,2.481,1.19,0.589,0.0,-22.547,786.191,0.542
13,R01_EMA_Cross,OP_USDT_USDT,4H,55,-0.063,True,False,False,True,False,True,False,False,False,3,DROP,-123.07,-209.81,-0.843,1.152,0.615,-1241.27,0.067,2.484,1.847,0.0,0.579,0.0,-14.568,532.255,0.542
14,R15_Volume_Breakout,OP_USDT_USDT,4H,110,0.826,False,False,True,True,False,True,True,False,False,4,DROP,-86.45,-923.33,-0.115,1.477,0.027,12.79,0.106,0.342,1.447,1.049,0.013,0.0025,12.146,226.294,0.542
15,R01_EMA_Cross,INJ_USDT_USDT,1H,209,0.554,False,False,False,False,False,False,False,False,False,0,DROP,-101.03,-760.63,-0.419,1.632,0.128,50.85,0.033,0.807,1.07,0.0,0.119,0.0054,-3.349,72.375,0.542
16,R16_Trend_Plus_RSI_Pullback,DOGE_USDT_USDT,4H,100,0.645,False,False,False,True,True,False,True,False,False,3,DROP,-98.01,-843.72,0.008,1.167,0.072,12.02,0.062,0.863,1.208,0.0,0.025,0.0,35.424,1308.818,0.542
