edge_id,strategy,symbol,tf,sharpe_at_baseline_0.03,sharpe_at_0.10,marginal_break_pct,unprofitable_break_pct,pf_break_pct,status
1,S30b_MidWeek_MeanReversion,XMR_USDT_USDT,1H,0.215,-0.303,0.02,0.06,0.06,DROP
2,S30a_DOW_Seasonality,ATOM_USDT_USDT,4H,0.819,0.68,0.19,,,DEPLOY
3,S30a_DOW_Seasonality,ADA_USDT_USDT,4H,0.689,0.562,0.14,,,MONITOR
4,S30a_DOW_Seasonality,BSV_USDT_USDT,4H,0.889,0.76,0.24,,,DEPLOY
5,S30a_DOW_Seasonality,ETC_USDT_USDT,4H,0.625,0.471,0.09,,,DROP
6,S30a_DOW_Seasonality,AVAX_USDT_USDT,4H,0.746,0.614,0.17,,,DEPLOY
7,S30a_DOW_Seasonality,QTUM_USDT_USDT,4H,0.892,0.763,0.25,,,DEPLOY
8,S30b_MidWeek_MeanReversion,TWT_USDT_USDT,4H,0.742,0.587,0.14,,,MONITOR
9,S30d_NY_London_Momentum,DOT_USDT_USDT,1H,0.544,0.341,0.05,0.22,0.22,DROP
10,S30d_NY_London_Momentum,XLM_USDT_USDT,1H,0.691,0.479,0.1,0.26,0.26,DROP
11,R13_ATR_Range_Expansion,ETH_USDT_USDT,4H,0.802,0.731,,,,DEPLOY
12,R15_Volume_Breakout,SAND_USDT_USDT,4H,0.499,0.398,0.03,,,DROP
13,R01_EMA_Cross,OP_USDT_USDT,4H,0.724,0.667,0.3,,,DEPLOY
14,R15_Volume_Breakout,OP_USDT_USDT,4H,0.104,0.028,0.02,0.13,0.13,DROP
15,R01_EMA_Cross,INJ_USDT_USDT,1H,-0.075,-0.219,0.02,0.02,0.02,DROP
16,R16_Trend_Plus_RSI_Pullback,DOGE_USDT_USDT,4H,0.098,0.025,0.02,0.13,0.13,DROP
