edge_id,strategy,symbol,tf,n_trades,n_long,n_short,gross_pnl,funding_cost,net_pnl,fund_pct_of_gross,gross_sharpe,net_sharpe,gross_pf,net_pf,gross_expectancy,net_expectancy,status
1,S30b_MidWeek_MeanReversion,XMR_USDT_USDT,1H,812,393,419,83598.74,3198.34,80400.41,3.83,0.223,0.215,1.069,1.066,102.9541,99.0153,DROP
2,S30a_DOW_Seasonality,ATOM_USDT_USDT,4H,333,133,200,329456.61,10341.95,319114.66,3.14,0.84,0.819,1.48,1.464,989.3592,958.3023,MARGINAL
3,S30a_DOW_Seasonality,ADA_USDT_USDT,4H,334,137,197,253809.4,559.3,253250.1,0.22,0.689,0.689,1.373,1.373,759.9084,758.2338,MARGINAL
4,S30a_DOW_Seasonality,BSV_USDT_USDT,4H,325,130,195,324366.29,1942.08,322424.22,0.6,0.898,0.889,1.535,1.529,998.0501,992.0745,MARGINAL
5,S30a_DOW_Seasonality,ETC_USDT_USDT,4H,339,147,192,227718.48,462.5,227255.98,0.2,0.628,0.625,1.332,1.33,671.7359,670.3716,MARGINAL
6,S30a_DOW_Seasonality,AVAX_USDT_USDT,4H,348,141,207,279958.88,349.9,279608.98,0.12,0.747,0.746,1.412,1.411,804.4795,803.4741,MARGINAL
7,S30a_DOW_Seasonality,QTUM_USDT_USDT,4H,320,126,194,281953.88,-3902.42,285856.31,-1.38,0.88,0.892,1.526,1.535,881.1059,893.301,MARGINAL
8,S30b_MidWeek_MeanReversion,TWT_USDT_USDT,4H,191,104,87,120882.27,-834.45,121716.72,-0.69,0.737,0.742,1.464,1.468,632.8915,637.2603,MARGINAL
9,S30d_NY_London_Momentum,DOT_USDT_USDT,1H,188,83,105,144522.22,-65.16,144587.38,-0.05,0.544,0.544,1.386,1.386,768.7352,769.0818,MARGINAL
10,S30d_NY_London_Momentum,XLM_USDT_USDT,1H,188,96,92,198978.17,645.3,198332.88,0.32,0.694,0.691,1.506,1.503,1058.3945,1054.9621,MARGINAL
11,R13_ATR_Range_Expansion,ETH_USDT_USDT,4H,113,63,50,143268.97,1252.07,142016.9,0.87,0.808,0.802,1.855,1.845,1267.867,1256.7867,MARGINAL
12,R15_Volume_Breakout,SAND_USDT_USDT,4H,149,74,75,131758.25,3992.26,127765.99,3.03,0.515,0.499,1.375,1.362,884.2836,857.4899,DROP
13,R01_EMA_Cross,OP_USDT_USDT,4H,55,27,28,55114.15,448.53,54665.62,0.81,0.731,0.724,1.944,1.933,1002.0754,993.9204,MARGINAL
14,R15_Volume_Breakout,OP_USDT_USDT,4H,110,54,56,21512.68,2004.76,19507.92,9.32,0.114,0.104,1.081,1.074,195.5698,177.3447,DROP
15,R01_EMA_Cross,INJ_USDT_USDT,1H,209,120,89,-10829.28,1567.11,-12396.39,14.47,-0.065,-0.075,0.962,0.957,-51.8147,-59.3129,DROP
16,R16_Trend_Plus_RSI_Pullback,DOGE_USDT_USDT,4H,100,64,36,16422.78,-955.1,17377.88,-5.82,0.093,0.098,1.078,1.083,164.2278,173.7788,DROP
