edge_id,strategy,symbol,tf,n_trades,base_sharpe,t1,t2,t3,t4,t5,t6,t7,t8,t9,score,status,t1_observed_maxdd,t1_pct5_maxdd,t2_sharpe_ci_lo,t2_sharpe_ci_hi,t3_p_value,t4_degradation,t5_std_jittered,t6_bull_pf,t6_bear_pf,t6_chop_pf,t7_p_value,t8_dsr,t9_portfolio_pbo
1,S30b_MidWeek_MeanReversion,XMR_USDT_USDT,1H,812,1.948,True,True,True,False,False,True,True,True,True,7,DEPLOY,-18.89,-25.06,1.285,2.578,0.0005,62.79,0.073,1.244,1.022,1.048,0.0,0.9249,0.01
2,S30a_DOW_Seasonality,ATOM_USDT_USDT,4H,333,2.207,False,True,True,False,False,True,True,True,True,6,DEPLOY,-8.71,-19.48,1.563,2.824,0.0005,53.87,0.093,0.716,2.448,1.222,0.0,0.9902,0.01
3,S30a_DOW_Seasonality,ADA_USDT_USDT,4H,334,2.224,True,True,True,False,False,True,True,True,True,7,DEPLOY,-12.96,-20.23,1.546,2.855,0.0035,56.01,0.136,2.043,1.196,1.225,0.0,0.9888,0.01
4,S30a_DOW_Seasonality,BSV_USDT_USDT,4H,325,2.201,True,True,True,False,False,True,True,True,True,7,DEPLOY,-22.78,-19.11,1.514,2.85,0.0025,54.09,0.148,1.347,1.527,1.469,0.0,0.9839,0.01
5,S30a_DOW_Seasonality,ETC_USDT_USDT,4H,339,2.274,True,True,True,False,False,True,True,True,True,7,DEPLOY,-16.2,-21.62,1.616,2.896,0.0045,60.43,0.103,1.749,1.003,1.387,0.0,0.9927,0.01
6,S30a_DOW_Seasonality,AVAX_USDT_USDT,4H,348,2.211,True,True,True,False,False,True,True,True,True,7,DEPLOY,-10.08,-16.88,1.534,2.844,0.0025,43.84,0.136,1.548,1.202,1.416,0.0,0.9875,0.01
7,S30a_DOW_Seasonality,QTUM_USDT_USDT,4H,320,2.167,True,True,True,False,False,True,True,True,True,7,DEPLOY,-18.19,-16.6,1.487,2.802,0.0015,45.44,0.081,3.383,1.068,1.45,0.0,0.9822,0.01
8,S30b_MidWeek_MeanReversion,TWT_USDT_USDT,4H,191,1.965,True,True,True,False,False,True,True,True,True,7,DEPLOY,-6.17,-11.29,1.326,2.538,0.058,53.49,0.126,1.656,1.475,1.256,0.0,0.8579,0.01
9,S30d_NY_London_Momentum,DOT_USDT_USDT,1H,188,2.016,True,True,True,False,False,True,True,True,True,7,DEPLOY,-12.78,-16.25,1.422,2.532,0.0245,51.62,0.154,1.547,1.767,1.076,0.0,0.9746,0.01
10,S30d_NY_London_Momentum,XLM_USDT_USDT,1H,188,1.845,False,True,True,False,False,True,True,True,True,6,DEPLOY,-7.37,-14.96,1.299,2.382,0.0455,57.93,0.13,1.524,0.976,2.215,0.0,0.9127,0.01
11,R13_ATR_Range_Expansion,ETH_USDT_USDT,4H,113,1.752,True,True,True,False,False,True,True,True,True,7,DEPLOY,-6.08,-11.07,1.192,2.247,0.078,49.19,0.064,2.582,1.917,0.0,0.0,0.735,0.01
12,R15_Volume_Breakout,SAND_USDT_USDT,4H,149,1.663,True,True,True,False,False,True,True,True,True,7,DEPLOY,-11.8,-17.33,1.167,2.305,0.0915,51.61,0.134,1.894,2.481,1.19,0.0,0.643,0.01
13,R01_EMA_Cross,OP_USDT_USDT,4H,55,1.577,False,True,False,False,False,True,True,False,True,4,MONITOR,-3.81,-8.51,1.103,2.05,0.294,63.46,0.053,2.484,1.847,0.0,0.0,0.4564,0.01
14,R15_Volume_Breakout,OP_USDT_USDT,4H,110,1.789,False,True,True,False,False,True,True,True,True,6,DEPLOY,-7.6,-15.23,1.208,2.317,0.087,67.81,0.077,0.342,1.447,1.049,0.0,0.7846,0.01
15,R01_EMA_Cross,INJ_USDT_USDT,1H,209,1.794,True,True,True,False,False,False,True,True,True,6,DEPLOY,-9.95,-15.85,1.188,2.343,0.0545,88.91,0.032,0.807,1.07,0.0,0.0,0.7687,0.01
16,R16_Trend_Plus_RSI_Pullback,DOGE_USDT_USDT,4H,100,1.749,False,True,False,False,False,False,True,True,True,4,MONITOR,-6.31,-15.05,1.223,2.255,0.13,72.47,0.122,0.863,1.208,0.0,0.0,0.7409,0.01
