symbol,avg_range_pct,avg_volume_usd,estimated_slippage,session_slippage,tier,source
XMR_USDT_USDT,1.0352,288183.43,0.003,0.005,3,computed
ATOM_USDT_USDT,1.1758,1304544.11,0.003,0.005,2,computed
ADA_USDT_USDT,1.2747,6658317.76,0.003,0.005,1,computed
BSV_USDT_USDT,1.3145,270202.94,0.003,0.005,3,computed
ETC_USDT_USDT,1.1357,1401873.99,0.003,0.005,2,computed
AVAX_USDT_USDT,1.3749,4679528.53,0.003,0.005,2,computed
QTUM_USDT_USDT,1.2786,193216.35,0.003,0.005,3,computed
TWT_USDT_USDT,1.2349,256324.84,0.003,0.005,3,computed
DOT_USDT_USDT,1.2089,1915584.66,0.003,0.005,2,computed
XLM_USDT_USDT,1.1255,1538103.66,0.003,0.005,2,computed
ETH_USDT_USDT,0.9113,137086012.52,0.003,0.005,1,computed
SAND_USDT_USDT,1.3588,1053805.28,0.003,0.005,2,computed
OP_USDT_USDT,1.6281,3223865.63,0.003,0.005,2,computed
INJ_USDT_USDT,1.7899,2447746.49,0.003,0.005,2,computed
DOGE_USDT_USDT,1.3458,17760845.02,0.003,0.005,1,computed
