tier,year_month,return_pct,period
Conservative_0.5%,2022-02,14.324,IS
Conservative_0.5%,2022-03,7.367,IS
Conservative_0.5%,2022-04,12.32,IS
Conservative_0.5%,2022-05,7.076,IS
Conservative_0.5%,2022-06,3.387,IS
Conservative_0.5%,2022-07,-6.467,IS
Conservative_0.5%,2022-08,6.046,IS
Conservative_0.5%,2022-09,-12.42,IS
Conservative_0.5%,2022-10,12.244,IS
Conservative_0.5%,2022-11,-2.436,IS
Conservative_0.5%,2022-12,8.435,IS
Conservative_0.5%,2023-01,7.213,IS
Conservative_0.5%,2023-02,6.062,IS
Conservative_0.5%,2023-03,6.212,IS
Conservative_0.5%,2023-04,0.247,IS
Conservative_0.5%,2023-05,-0.368,IS
Conservative_0.5%,2023-06,-4.293,IS
Conservative_0.5%,2023-07,0.661,IS
Conservative_0.5%,2023-08,14.574,IS
Conservative_0.5%,2023-09,3.996,IS
Conservative_0.5%,2023-10,12.726,IS
Conservative_0.5%,2023-11,4.205,IS
Conservative_0.5%,2023-12,10.943,IS
Conservative_0.5%,2024-01,3.539,IS
Conservative_0.5%,2024-02,-1.1,IS
Conservative_0.5%,2024-03,6.464,IS
Conservative_0.5%,2024-04,-0.71,IS
Conservative_0.5%,2024-05,4.205,IS
Conservative_0.5%,2024-06,6.058,IS
Conservative_0.5%,2024-07,9.578,IS
Conservative_0.5%,2024-08,4.355,IS
Conservative_0.5%,2024-09,-1.37,IS
Conservative_0.5%,2024-10,-5.821,IS
Conservative_0.5%,2024-11,22.344,IS
Conservative_0.5%,2024-12,7.862,IS
Conservative_0.5%,2025-01,5.247,IS
Conservative_0.5%,2025-02,5.002,IS
Conservative_0.5%,2025-03,-1.939,IS
Conservative_0.5%,2025-04,13.1,IS
Conservative_0.5%,2025-05,-2.674,IS
Conservative_0.5%,2025-06,14.832,IS
Conservative_0.5%,2025-07,7.212,IS
Conservative_0.5%,2025-08,5.571,IS
Conservative_0.5%,2025-09,1.931,IS
Conservative_0.5%,2025-10,2.935,IS
Conservative_0.5%,2025-11,12.442,IS
Conservative_0.5%,2025-12,1.46,IS
Conservative_0.5%,2026-01,23.963,OOS
Conservative_0.5%,2026-02,19.021,OOS
Conservative_0.5%,2026-03,15.274,OOS
Conservative_0.5%,2026-04,-5.095,OOS
Conservative_0.5%,2026-05,4.198,OOS
Conservative_0.5%,2026-06,14.054,OOS
Conservative_0.5%,2026-07,-1.537,OOS
Conservative_0.5%,2026-08,7.164,OOS
Standard_1.0%,2022-02,29.37,IS
Standard_1.0%,2022-03,15.106,IS
Standard_1.0%,2022-04,25.42,IS
Standard_1.0%,2022-05,13.795,IS
Standard_1.0%,2022-06,6.696,IS
Standard_1.0%,2022-07,-12.905,IS
Standard_1.0%,2022-08,11.765,IS
Standard_1.0%,2022-09,-24.052,IS
Standard_1.0%,2022-10,25.564,IS
Standard_1.0%,2022-11,-5.367,IS
Standard_1.0%,2022-12,15.795,IS
Standard_1.0%,2023-01,13.675,IS
Standard_1.0%,2023-02,12.036,IS
Standard_1.0%,2023-03,12.332,IS
Standard_1.0%,2023-04,0.11,IS
Standard_1.0%,2023-05,-4.693,IS
Standard_1.0%,2023-06,-9.045,IS
Standard_1.0%,2023-07,2.076,IS
Standard_1.0%,2023-08,25.441,IS
Standard_1.0%,2023-09,11.139,IS
Standard_1.0%,2023-10,25.02,IS
Standard_1.0%,2023-11,8.199,IS
Standard_1.0%,2023-12,22.64,IS
Standard_1.0%,2024-01,6.849,IS
Standard_1.0%,2024-02,-1.437,IS
Standard_1.0%,2024-03,12.972,IS
Standard_1.0%,2024-04,-2.155,IS
Standard_1.0%,2024-05,8.847,IS
Standard_1.0%,2024-06,13.363,IS
Standard_1.0%,2024-07,18.696,IS
Standard_1.0%,2024-08,8.521,IS
Standard_1.0%,2024-09,-2.893,IS
Standard_1.0%,2024-10,-11.643,IS
Standard_1.0%,2024-11,48.434,IS
Standard_1.0%,2024-12,15.479,IS
Standard_1.0%,2025-01,10.305,IS
Standard_1.0%,2025-02,10.117,IS
Standard_1.0%,2025-03,-4.008,IS
Standard_1.0%,2025-04,27.169,IS
Standard_1.0%,2025-05,-6.628,IS
Standard_1.0%,2025-06,30.696,IS
Standard_1.0%,2025-07,14.268,IS
Standard_1.0%,2025-08,10.822,IS
Standard_1.0%,2025-09,4.588,IS
Standard_1.0%,2025-10,5.402,IS
Standard_1.0%,2025-11,25.083,IS
Standard_1.0%,2025-12,2.805,IS
Standard_1.0%,2026-01,53.291,OOS
Standard_1.0%,2026-02,41.017,OOS
Standard_1.0%,2026-03,31.656,OOS
Standard_1.0%,2026-04,-10.187,OOS
Standard_1.0%,2026-05,10.051,OOS
Standard_1.0%,2026-06,28.799,OOS
Standard_1.0%,2026-07,-3.437,OOS
Standard_1.0%,2026-08,15.239,OOS
Growth_1.5%,2022-02,43.171,IS
Growth_1.5%,2022-03,23.217,IS
Growth_1.5%,2022-04,39.278,IS
Growth_1.5%,2022-05,20.09,IS
Growth_1.5%,2022-06,9.913,IS
Growth_1.5%,2022-07,-19.273,IS
Growth_1.5%,2022-08,17.098,IS
Growth_1.5%,2022-09,-35.873,IS
Growth_1.5%,2022-10,37.518,IS
Growth_1.5%,2022-11,-7.669,IS
Growth_1.5%,2022-12,12.405,IS
Growth_1.5%,2023-01,12.9,IS
Growth_1.5%,2023-02,16.292,IS
Growth_1.5%,2023-03,11.766,IS
Growth_1.5%,2023-04,2.249,IS
Growth_1.5%,2023-05,-4.7,IS
Growth_1.5%,2023-06,-10.998,IS
Growth_1.5%,2023-07,1.686,IS
Growth_1.5%,2023-08,26.997,IS
Growth_1.5%,2023-09,15.989,IS
Growth_1.5%,2023-10,32.515,IS
Growth_1.5%,2023-11,12.691,IS
Growth_1.5%,2023-12,30.562,IS
Growth_1.5%,2024-01,11.61,IS
Growth_1.5%,2024-02,-0.91,IS
Growth_1.5%,2024-03,17.223,IS
Growth_1.5%,2024-04,-5.183,IS
Growth_1.5%,2024-05,6.588,IS
Growth_1.5%,2024-06,30.058,IS
Growth_1.5%,2024-07,18.378,IS
Growth_1.5%,2024-08,12.713,IS
Growth_1.5%,2024-09,-10.885,IS
Growth_1.5%,2024-10,-18.755,IS
Growth_1.5%,2024-11,73.273,IS
Growth_1.5%,2024-12,22.776,IS
Growth_1.5%,2025-01,14.489,IS
Growth_1.5%,2025-02,14.19,IS
Growth_1.5%,2025-03,-6.238,IS
Growth_1.5%,2025-04,41.386,IS
Growth_1.5%,2025-05,-2.55,IS
Growth_1.5%,2025-06,52.83,IS
Growth_1.5%,2025-07,21.43,IS
Growth_1.5%,2025-08,13.275,IS
Growth_1.5%,2025-09,4.363,IS
Growth_1.5%,2025-10,4.463,IS
Growth_1.5%,2025-11,32.979,IS
Growth_1.5%,2025-12,6.937,IS
Growth_1.5%,2026-01,79.444,OOS
Growth_1.5%,2026-02,62.133,OOS
Growth_1.5%,2026-03,47.151,OOS
Growth_1.5%,2026-04,-14.185,OOS
Growth_1.5%,2026-05,12.407,OOS
Growth_1.5%,2026-06,40.491,OOS
Growth_1.5%,2026-07,-11.079,OOS
Growth_1.5%,2026-08,26.597,OOS
Aggressive_2.0%,2022-02,56.747,IS
Aggressive_2.0%,2022-03,30.935,IS
Aggressive_2.0%,2022-04,49.987,IS
Aggressive_2.0%,2022-05,19.838,IS
Aggressive_2.0%,2022-06,13.023,IS
Aggressive_2.0%,2022-07,-28.935,IS
Aggressive_2.0%,2022-08,19.035,IS
Aggressive_2.0%,2022-09,-40.477,IS
Aggressive_2.0%,2022-10,30.517,IS
Aggressive_2.0%,2022-11,-9.994,IS
Aggressive_2.0%,2022-12,16.316,IS
Aggressive_2.0%,2023-01,7.883,IS
Aggressive_2.0%,2023-02,2.278,IS
Aggressive_2.0%,2023-03,10.781,IS
Aggressive_2.0%,2023-04,7.959,IS
Aggressive_2.0%,2023-05,-7.278,IS
Aggressive_2.0%,2023-06,-12.058,IS
Aggressive_2.0%,2023-07,3.005,IS
Aggressive_2.0%,2023-08,18.529,IS
Aggressive_2.0%,2023-09,10.104,IS
Aggressive_2.0%,2023-10,53.918,IS
Aggressive_2.0%,2023-11,3.25,IS
Aggressive_2.0%,2023-12,43.101,IS
Aggressive_2.0%,2024-01,8.392,IS
Aggressive_2.0%,2024-02,6.604,IS
Aggressive_2.0%,2024-03,20.056,IS
Aggressive_2.0%,2024-04,-9.875,IS
Aggressive_2.0%,2024-05,12.561,IS
Aggressive_2.0%,2024-06,38.102,IS
Aggressive_2.0%,2024-07,24.238,IS
Aggressive_2.0%,2024-08,11.103,IS
Aggressive_2.0%,2024-09,-14.803,IS
Aggressive_2.0%,2024-10,-29.308,IS
Aggressive_2.0%,2024-11,98.21,IS
Aggressive_2.0%,2024-12,29.937,IS
Aggressive_2.0%,2025-01,14.379,IS
Aggressive_2.0%,2025-02,20.049,IS
Aggressive_2.0%,2025-03,-12.113,IS
Aggressive_2.0%,2025-04,39.919,IS
Aggressive_2.0%,2025-05,9.859,IS
Aggressive_2.0%,2025-06,40.525,IS
Aggressive_2.0%,2025-07,22.719,IS
Aggressive_2.0%,2025-08,17.966,IS
Aggressive_2.0%,2025-09,7.64,IS
Aggressive_2.0%,2025-10,0.429,IS
Aggressive_2.0%,2025-11,36.909,IS
Aggressive_2.0%,2025-12,15.552,IS
Aggressive_2.0%,2026-01,99.633,OOS
Aggressive_2.0%,2026-02,81.547,OOS
Aggressive_2.0%,2026-03,48.868,OOS
Aggressive_2.0%,2026-04,-21.929,OOS
Aggressive_2.0%,2026-05,16.211,OOS
Aggressive_2.0%,2026-06,38.296,OOS
Aggressive_2.0%,2026-07,-17.842,OOS
Aggressive_2.0%,2026-08,31.635,OOS
