strategy,symbol,tf,is_sharpe,is_win_rate,is_pf,is_trades,is_return,is_monthly_freq,is_gates_passed,oos_sharpe,oos_win_rate,oos_pf,oos_trades,oos_return,oos_max_dd,oos_monthly_freq,oos_expectancy,degradation,status,freq_score,allocation_weight_pct
S30b_MidWeek_MeanReversion,XMR_USDT_USDT,1H,0.872,65.13,1.131,714,43.65,15.02,4,1.255,65.08,1.16,126,7.88,-6.93,15.849,6.2509,1.439,STRONG_PASS,183.58,17.38
S30a_DOW_Seasonality,ATOM_USDT_USDT,4H,0.529,44.17,1.22,283,41.7,5.9,4,2.563,54.9,1.782,51,22.48,-4.6,6.415,44.0795,4.841,STRONG_PASS,115.42,10.927
S30a_DOW_Seasonality,ADA_USDT_USDT,4H,0.866,45.26,1.272,285,54.02,5.942,4,2.475,52.08,1.664,48,17.13,-5.49,6.038,35.6879,2.857,STRONG_PASS,109.88,10.403
S30a_DOW_Seasonality,BSV_USDT_USDT,4H,0.63,45.0,1.269,280,50.11,5.838,4,2.552,55.56,1.864,45,20.67,-3.1,5.66,45.9302,4.052,STRONG_PASS,107.64,10.19
S30a_DOW_Seasonality,ETC_USDT_USDT,4H,0.516,44.56,1.24,294,47.08,6.13,4,2.274,52.08,1.612,48,16.46,-10.97,6.038,34.2834,4.41,STRONG_PASS,105.86,10.022
S30a_DOW_Seasonality,AVAX_USDT_USDT,4H,1.203,48.66,1.417,298,107.95,6.213,5,2.075,51.02,1.534,49,14.23,-7.09,6.163,29.039,1.725,STRONG_PASS,103.14,9.764
S30a_DOW_Seasonality,QTUM_USDT_USDT,4H,0.959,47.0,1.384,283,75.66,5.9,4,2.67,53.85,1.681,39,14.47,-5.6,4.906,37.0937,2.783,STRONG_PASS,102.46,9.7
S30b_MidWeek_MeanReversion,TWT_USDT_USDT,4H,1.176,65.43,1.277,162,18.3,4.329,5,2.132,68.75,1.494,32,5.25,-2.4,4.025,16.3993,1.814,STRONG_PASS,82.9,7.848
S30d_NY_London_Overlap_Momentum,DOT_USDT_USDT,1H,1.05,49.12,1.363,171,41.13,3.565,5,1.847,51.72,1.498,29,8.04,-7.33,3.648,27.7387,1.76,STRONG_PASS,73.42,6.951
S30d_NY_London_Overlap_Momentum,XLM_USDT_USDT,1H,1.001,48.81,1.298,168,35.62,3.503,5,1.775,51.72,1.5,29,7.89,-4.85,3.648,27.1985,1.773,STRONG_PASS,71.98,6.814
