edge_id,strategy,symbol,tf,tA,tB,tC,tD,tE,tF,tG,tH,score,status,test_A_detail,test_B_detail,test_C_detail,test_D_detail,test_E_detail,test_F_detail,test_G_detail,test_H_detail
1,S30b_MidWeek_MeanReversion,XMR_USDT_USDT,1H,True,True,True,True,True,True,True,True,8,CERTIFIED,"signal_diff=0, sl_diff=0, tp_diff=0","match_rate=96.6%, ref=812, cur=840","diff_pct=4.09%, base_sig=2902, leak_sig=2888",N/A - no MTF used,"max_diff ATR=0.00e+00, RSI=0.00e+00, EMA=0.00e+00","cur=840, ref=812, dev=3.45%","checked=2902, max_err_pct=0.000000%","checked=20, max_pnl_err=$0.000041"
2,S30a_DOW_Seasonality,ATOM_USDT_USDT,4H,True,True,True,True,True,True,True,True,8,CERTIFIED,"signal_diff=0, sl_diff=0, tp_diff=0","match_rate=98.5%, ref=333, cur=335","diff_pct=2.57%, base_sig=1466, leak_sig=1483",N/A - no MTF used,"max_diff ATR=0.00e+00, RSI=0.00e+00, EMA=0.00e+00","cur=335, ref=333, dev=0.60%","checked=1466, max_err_pct=0.000000%","checked=20, max_pnl_err=$0.000043"
3,S30a_DOW_Seasonality,ADA_USDT_USDT,4H,True,True,True,True,True,True,True,True,8,CERTIFIED,"signal_diff=0, sl_diff=0, tp_diff=0","match_rate=98.8%, ref=334, cur=337","diff_pct=2.56%, base_sig=1475, leak_sig=1481",N/A - no MTF used,"max_diff ATR=0.00e+00, RSI=0.00e+00, EMA=0.00e+00","cur=337, ref=334, dev=0.90%","checked=1475, max_err_pct=0.000000%","checked=20, max_pnl_err=$0.000046"
4,S30a_DOW_Seasonality,BSV_USDT_USDT,4H,True,True,True,True,True,True,True,True,8,CERTIFIED,"signal_diff=0, sl_diff=0, tp_diff=0","match_rate=98.5%, ref=325, cur=328","diff_pct=3.26%, base_sig=1476, leak_sig=1477",N/A - no MTF used,"max_diff ATR=0.00e+00, RSI=0.00e+00, EMA=0.00e+00","cur=328, ref=325, dev=0.92%","checked=1476, max_err_pct=0.000000%","checked=20, max_pnl_err=$0.000051"
5,S30a_DOW_Seasonality,ETC_USDT_USDT,4H,True,True,True,True,True,True,True,True,8,CERTIFIED,"signal_diff=0, sl_diff=0, tp_diff=0","match_rate=98.5%, ref=339, cur=344","diff_pct=2.93%, base_sig=1495, leak_sig=1505",N/A - no MTF used,"max_diff ATR=0.00e+00, RSI=0.00e+00, EMA=0.00e+00","cur=344, ref=339, dev=1.47%","checked=1495, max_err_pct=0.000000%","checked=20, max_pnl_err=$0.000049"
6,S30a_DOW_Seasonality,AVAX_USDT_USDT,4H,True,True,True,True,True,True,True,True,8,CERTIFIED,"signal_diff=0, sl_diff=0, tp_diff=0","match_rate=97.4%, ref=348, cur=350","diff_pct=2.67%, base_sig=1483, leak_sig=1482",N/A - no MTF used,"max_diff ATR=0.00e+00, RSI=0.00e+00, EMA=0.00e+00","cur=350, ref=348, dev=0.57%","checked=1483, max_err_pct=0.000000%","checked=20, max_pnl_err=$0.000050"
7,S30a_DOW_Seasonality,QTUM_USDT_USDT,4H,True,True,True,True,True,True,True,True,8,CERTIFIED,"signal_diff=0, sl_diff=0, tp_diff=0","match_rate=97.5%, ref=320, cur=323","diff_pct=3.32%, base_sig=1453, leak_sig=1478",N/A - no MTF used,"max_diff ATR=0.00e+00, RSI=0.00e+00, EMA=0.00e+00","cur=323, ref=320, dev=0.94%","checked=1453, max_err_pct=0.000000%","checked=20, max_pnl_err=$0.000046"
8,S30b_MidWeek_MeanReversion,TWT_USDT_USDT,4H,True,True,True,True,True,True,True,True,8,CERTIFIED,"signal_diff=0, sl_diff=0, tp_diff=0","match_rate=97.4%, ref=191, cur=194","diff_pct=4.19%, base_sig=573, leak_sig=567",N/A - no MTF used,"max_diff ATR=0.00e+00, RSI=0.00e+00, EMA=0.00e+00","cur=194, ref=191, dev=1.57%","checked=573, max_err_pct=0.000000%","checked=20, max_pnl_err=$0.000060"
9,S30d_NY_London_Momentum,DOT_USDT_USDT,1H,True,True,False,True,True,False,True,True,6,REVIEW,"signal_diff=0, sl_diff=0, tp_diff=0","match_rate=98.4%, ref=188, cur=201","diff_pct=0.81%, base_sig=298, leak_sig=406","checked=50, violations=0","max_diff ATR=0.00e+00, RSI=0.00e+00, EMA=0.00e+00","cur=201, ref=188, dev=6.91%","checked=298, max_err_pct=0.000000%","checked=20, max_pnl_err=$0.000042"
10,S30d_NY_London_Momentum,XLM_USDT_USDT,1H,True,True,False,True,True,True,True,True,7,REVIEW,"signal_diff=0, sl_diff=0, tp_diff=0","match_rate=96.8%, ref=188, cur=197","diff_pct=0.83%, base_sig=321, leak_sig=403","checked=50, violations=0","max_diff ATR=0.00e+00, RSI=0.00e+00, EMA=0.00e+00","cur=197, ref=188, dev=4.79%","checked=321, max_err_pct=0.000000%","checked=20, max_pnl_err=$0.000273"
11,R13_ATR_Range_Expansion,ETH_USDT_USDT,4H,True,True,True,True,True,True,True,True,8,CERTIFIED,"signal_diff=0, sl_diff=0, tp_diff=0","match_rate=98.2%, ref=113, cur=115","diff_pct=2.92%, base_sig=172, leak_sig=177",N/A - no MTF used,"max_diff ATR=0.00e+00, RSI=0.00e+00, EMA=0.00e+00","cur=115, ref=113, dev=1.77%","checked=172, max_err_pct=0.000000%","checked=20, max_pnl_err=$0.000070"
12,R15_Volume_Breakout,SAND_USDT_USDT,4H,True,True,True,True,True,False,True,True,7,REVIEW,"signal_diff=0, sl_diff=0, tp_diff=0","match_rate=98.0%, ref=149, cur=157","diff_pct=2.36%, base_sig=187, leak_sig=194",N/A - no MTF used,"max_diff ATR=0.00e+00, RSI=0.00e+00, EMA=0.00e+00","cur=157, ref=149, dev=5.37%","checked=187, max_err_pct=0.000000%","checked=20, max_pnl_err=$0.000066"
13,R01_EMA_Cross,OP_USDT_USDT,4H,True,True,True,True,True,False,True,True,7,REVIEW,"signal_diff=0, sl_diff=0, tp_diff=0","match_rate=100.0%, ref=55, cur=58","diff_pct=1.52%, base_sig=71, leak_sig=71",N/A - no MTF used,"max_diff ATR=0.00e+00, RSI=0.00e+00, EMA=0.00e+00","cur=58, ref=55, dev=5.45%","checked=71, max_err_pct=0.000000%","checked=20, max_pnl_err=$0.000047"
14,R15_Volume_Breakout,OP_USDT_USDT,4H,True,True,True,True,True,False,True,True,7,REVIEW,"signal_diff=0, sl_diff=0, tp_diff=0","match_rate=98.2%, ref=110, cur=129","diff_pct=1.78%, base_sig=154, leak_sig=141",N/A - no MTF used,"max_diff ATR=0.00e+00, RSI=0.00e+00, EMA=0.00e+00","cur=129, ref=110, dev=17.27%","checked=154, max_err_pct=0.000000%","checked=20, max_pnl_err=$0.000046"
15,R01_EMA_Cross,INJ_USDT_USDT,1H,True,True,True,True,True,True,True,True,8,CERTIFIED,"signal_diff=0, sl_diff=0, tp_diff=0","match_rate=100.0%, ref=209, cur=209","diff_pct=1.62%, base_sig=288, leak_sig=285",N/A - no MTF used,"max_diff ATR=0.00e+00, RSI=0.00e+00, EMA=0.00e+00","cur=209, ref=209, dev=0.00%","checked=288, max_err_pct=0.000000%","checked=20, max_pnl_err=$0.000051"
16,R16_Trend_Plus_RSI_Pullback,DOGE_USDT_USDT,4H,True,True,True,True,True,True,True,True,8,CERTIFIED,"signal_diff=0, sl_diff=0, tp_diff=0","match_rate=100.0%, ref=100, cur=101","diff_pct=3.93%, base_sig=494, leak_sig=496",N/A - no MTF used,"max_diff ATR=0.00e+00, RSI=0.00e+00, EMA=0.00e+00","cur=101, ref=100, dev=1.00%","checked=494, max_err_pct=0.000000%","checked=20, max_pnl_err=$0.000226"
