idx,strategy,symbol,tf,method,overfit_flag,tuned_trades,tuned_sharpe,tuned_sortino,tuned_calmar,tuned_pf,tuned_max_dd,tuned_win_rate,tuned_cagr,tuned_total_return,tuned_avg_trade,tuned_expectancy,tuned_monthly_freq,tuned_max_loss_streak,orig_trades,orig_sharpe,orig_sortino,orig_calmar,orig_pf,orig_max_dd,orig_win_rate,orig_cagr,orig_total_return,orig_avg_trade,orig_expectancy,orig_monthly_freq,orig_max_loss_streak
1,S30_Seasonality,TWT_USDT_USDT,4H,Stability,LOW,295,1.1118,2.026,0.7849,1.2802,-5.43,50.17,4.26,13.84,0.3278,4.6925,7.9117,7,278,1.56,3.18,2.57,1.47,-4.22,52.52,10.86,37.71,0.54,13.57,7.56,5
2,S13_Hull_MA_Trend,1000LUNC_USDT_USDT,1D,REVERTED_TO_DEFAULT,LOW,31,1.1183,6.1517,1.0468,1.9094,-3.53,58.06,3.69,12.75,9.2209,41.1293,0.7805,3,31,0.95,4.17,1.84,1.92,-2.01,58.06,3.68,11.1,1.55,55.5,0.8,2
3,S13_Hull_MA_Trend,ZEN_USDT_USDT,1D,REVERTED_TO_DEFAULT,LOW,46,0.9721,3.2529,0.9071,1.8844,-4.94,56.52,4.48,19.17,7.3381,41.6653,0.9591,5,51,1.05,3.72,1.7,1.91,-3.0,56.86,5.08,21.92,7.37,42.99,1.09,3
4,S28_MTF_RSI_Align,MANA_USDT_USDT,1H,Optuna,MEDIUM,696,2.7638,8.8104,7.9005,1.6982,-9.29,52.44,73.39,802.57,0.9076,115.3123,14.5111,8,290,1.24,4.07,2.07,1.4,-8.17,49.66,16.92,86.43,0.44,29.8,6.09,8
5,S13_Hull_MA_Trend,CHZ_USDT_USDT,1D,REVERTED_TO_DEFAULT,LOW,37,0.8382,2.4058,2.2036,2.1755,-2.02,59.46,4.45,19.01,6.8245,51.3869,0.7714,2,50,0.99,3.12,1.39,1.86,-3.52,56.0,4.89,20.87,6.85,40.15,1.06,3
6,S28_MTF_RSI_Align,AVAX_USDT_USDT,1H,Stability,LOW,163,1.4921,4.3356,3.8359,1.7848,-4.14,57.06,15.86,79.99,0.7459,49.0721,3.4031,4,255,1.06,3.1,2.34,1.46,-7.2,50.59,16.82,86.01,0.41,33.73,5.38,6
7,S11_Supertrend,ANKR_USDT_USDT,4H,REVERTED_TO_DEFAULT,LOW,186,0.6716,2.364,0.5591,1.1609,-8.1,45.7,4.53,19.36,0.7688,10.4069,3.878,6,77,1.41,6.2,0.83,1.75,-9.93,48.05,8.23,36.5,1.2,39.12,1.61,5
8,S28_MTF_RSI_Align,ZRX_USDT_USDT,1H,Optuna,MEDIUM,324,2.6339,7.6673,7.0244,1.9211,-6.13,54.63,43.04,282.14,1.3155,87.0804,7.2095,6,239,1.33,4.17,1.89,1.51,-9.38,51.05,17.72,84.39,0.58,35.31,5.33,8
9,S11_Supertrend,AVAX_USDT_USDT,4H,WalkForward,LOW,93,1.3057,6.1686,1.4618,1.7855,-8.09,44.09,11.82,56.2,2.4741,60.4328,1.9416,8,79,1.0,3.58,1.41,1.63,-5.02,45.57,7.09,30.4,0.98,32.44,1.65,4
10,S02_Inverted_Hammer_Long,CHZ_USDT_USDT,4H,REVERTED_TO_DEFAULT,LOW,17,0.3824,1.4765,0.1574,1.3014,-4.07,52.94,0.64,2.56,0.7863,15.0526,0.3579,3,30,0.94,3.25,0.79,2.08,-6.28,50.0,4.94,21.0,1.35,39.15,0.71,4
