idx,strategy,symbol,tf,source,verdict,criteria_passed,oos_sharpe,oos_max_dd,oos_pf,oos_trades,oos_return_pct
1,S30_Seasonality,TWT_USDT_USDT,4H,ORIGINAL,STRONG_PASS,6,1.0995,-4.06,1.3664,38,7.84
2,S13_Hull_MA_Trend,1000LUNC_USDT_USDT,1D,ORIGINAL,STRONG_FAIL,2,-0.0634,-3.0,0.9229,9,-0.38
3,S13_Hull_MA_Trend,ZEN_USDT_USDT,1D,ORIGINAL,STRONG_FAIL,2,-1.2697,-2.0,0.583,4,-1.04
4,S28_MTF_RSI_Align,MANA_USDT_USDT,1H,TUNED_OPTUNA,STRONG_FAIL,3,-1.3616,-16.03,0.8449,90,-8.97
5,S13_Hull_MA_Trend,CHZ_USDT_USDT,1D,ORIGINAL,STRONG_FAIL,3,-0.7883,-3.08,0.8246,12,-1.24
6,S28_MTF_RSI_Align,AVAX_USDT_USDT,1H,TUNED_STABILITY,STRONG_FAIL,3,-2.6866,-7.51,0.3642,14,-7.2
7,S11_Supertrend,ANKR_USDT_USDT,4H,ORIGINAL,STRONG_FAIL,3,-1.6262,-11.79,0.7509,31,-4.81
8,S28_MTF_RSI_Align,ZRX_USDT_USDT,1H,TUNED_OPTUNA,STRONG_FAIL,3,-3.1054,-16.82,0.5347,50,-16.82
9,S11_Supertrend,AVAX_USDT_USDT,4H,TUNED_WALKFORWARD,STRONG_FAIL,3,-1.9038,-9.9,0.4813,18,-7.71
10,S02_Inverted_Hammer_Long,CHZ_USDT_USDT,4H,ORIGINAL,STRONG_FAIL,3,-0.541,-1.11,1.0368,4,0.08
