strategy,symbol,tf,month,trades,return_pct,win_rate,pf,max_dd,best,worst,net_pnl
S30_Seasonality,TWT_USDT_USDT,4H,Jan,4,4.15,50.0,1.516,-1.04,5.83,-3.49,108.16
S30_Seasonality,TWT_USDT_USDT,4H,Feb,4,-2.59,25.0,0.527,-3.09,12.52,-6.79,-148.5
S30_Seasonality,TWT_USDT_USDT,4H,Mar,5,7.4,60.0,2.272,-1.04,5.55,-3.95,266.98
S30_Seasonality,TWT_USDT_USDT,4H,Apr,2,7.71,50.0,1.537,-1.07,10.91,-3.2,58.34
S30_Seasonality,TWT_USDT_USDT,4H,May,4,-4.47,25.0,0.496,-2.15,4.21,-3.09,-163.51
S30_Seasonality,TWT_USDT_USDT,4H,Jun,7,0.41,42.86,1.14,-2.09,6.14,-4.63,59.72
S30_Seasonality,TWT_USDT_USDT,4H,Jul,6,5.52,50.0,1.488,-2.13,5.54,-3.94,161.04
S30_Seasonality,TWT_USDT_USDT,4H,Aug,6,8.78,66.67,3.038,-1.08,4.36,-4.38,442.14
S13_Hull_MA_Trend,1000LUNC_USDT_USDT,1D,Jan,1,-12.8,0.0,0.0,0.0,-12.8,-12.8,-101.02
S13_Hull_MA_Trend,1000LUNC_USDT_USDT,1D,Feb,3,-10.0,33.33,0.725,-1.0,23.02,-16.54,-54.63
S13_Hull_MA_Trend,1000LUNC_USDT_USDT,1D,Mar,0,0.0,0.0,0.0,0.0,0.0,0.0,0.0
S13_Hull_MA_Trend,1000LUNC_USDT_USDT,1D,Apr,1,-15.5,0.0,0.0,0.0,-15.5,-15.5,-99.43
S13_Hull_MA_Trend,1000LUNC_USDT_USDT,1D,May,0,0.0,0.0,0.0,0.0,0.0,0.0,0.0
S13_Hull_MA_Trend,1000LUNC_USDT_USDT,1D,Jun,1,36.85,100.0,999.0,0.0,36.85,36.85,145.45
S13_Hull_MA_Trend,1000LUNC_USDT_USDT,1D,Jul,1,-20.95,0.0,0.0,0.0,-20.95,-20.95,-99.48
S13_Hull_MA_Trend,1000LUNC_USDT_USDT,1D,Aug,2,19.14,100.0,999.0,0.0,15.73,3.4,170.69
S13_Hull_MA_Trend,ZEN_USDT_USDT,1D,Jan,0,0.0,0.0,0.0,0.0,0.0,0.0,0.0
S13_Hull_MA_Trend,ZEN_USDT_USDT,1D,Feb,0,0.0,0.0,0.0,0.0,0.0,0.0,0.0
S13_Hull_MA_Trend,ZEN_USDT_USDT,1D,Mar,0,0.0,0.0,0.0,0.0,0.0,0.0,0.0
S13_Hull_MA_Trend,ZEN_USDT_USDT,1D,Apr,0,0.0,0.0,0.0,0.0,0.0,0.0,0.0
S13_Hull_MA_Trend,ZEN_USDT_USDT,1D,May,0,0.0,0.0,0.0,0.0,0.0,0.0,0.0
S13_Hull_MA_Trend,ZEN_USDT_USDT,1D,Jun,1,-23.94,0.0,0.0,0.0,-23.94,-23.94,-100.5
S13_Hull_MA_Trend,ZEN_USDT_USDT,1D,Jul,1,-17.16,0.0,0.0,0.0,-17.16,-17.16,-99.72
S13_Hull_MA_Trend,ZEN_USDT_USDT,1D,Aug,2,6.59,50.0,3.015,-0.47,14.36,-7.77,96.71
S28_MTF_RSI_Align,MANA_USDT_USDT,1H,Jan,14,-10.97,35.71,0.849,-6.5,9.64,-6.54,-138.89
S28_MTF_RSI_Align,MANA_USDT_USDT,1H,Feb,12,15.83,58.33,2.083,-2.06,6.19,-4.17,581.38
S28_MTF_RSI_Align,MANA_USDT_USDT,1H,Mar,13,-16.42,23.08,0.428,-5.42,3.06,-3.32,-613.83
S28_MTF_RSI_Align,MANA_USDT_USDT,1H,Apr,13,-16.27,23.08,0.438,-6.64,3.6,-3.54,-573.95
S28_MTF_RSI_Align,MANA_USDT_USDT,1H,May,12,-8.18,33.33,0.713,-2.52,3.07,-3.17,-223.35
S28_MTF_RSI_Align,MANA_USDT_USDT,1H,Jun,7,4.45,57.14,1.993,-2.8,6.07,-5.49,286.06
S28_MTF_RSI_Align,MANA_USDT_USDT,1H,Jul,9,-10.86,22.22,0.416,-3.02,3.81,-3.5,-397.98
S28_MTF_RSI_Align,MANA_USDT_USDT,1H,Aug,10,4.59,50.0,1.373,-1.97,5.55,-3.09,183.18
S13_Hull_MA_Trend,CHZ_USDT_USDT,1D,Jan,1,-15.4,0.0,0.0,0.0,-15.4,-15.4,-100.83
S13_Hull_MA_Trend,CHZ_USDT_USDT,1D,Feb,2,10.14,50.0,1.458,-1.0,28.42,-18.28,46.34
S13_Hull_MA_Trend,CHZ_USDT_USDT,1D,Mar,1,-19.72,0.0,0.0,0.0,-19.72,-19.72,-100.25
S13_Hull_MA_Trend,CHZ_USDT_USDT,1D,Apr,2,5.75,50.0,1.449,0.0,18.21,-12.46,44.7
S13_Hull_MA_Trend,CHZ_USDT_USDT,1D,May,2,6.21,50.0,1.46,0.0,23.6,-17.38,45.86
S13_Hull_MA_Trend,CHZ_USDT_USDT,1D,Jun,1,-25.49,0.0,0.0,0.0,-25.49,-25.49,-99.82
S13_Hull_MA_Trend,CHZ_USDT_USDT,1D,Jul,1,-21.93,0.0,0.0,0.0,-21.93,-21.93,-98.91
S13_Hull_MA_Trend,CHZ_USDT_USDT,1D,Aug,2,16.16,50.0,29.682,-0.05,16.78,-0.63,139.23
S28_MTF_RSI_Align,AVAX_USDT_USDT,1H,Jan,3,-2.76,33.33,0.653,-1.06,1.96,-2.43,-73.89
S28_MTF_RSI_Align,AVAX_USDT_USDT,1H,Feb,4,-4.23,25.0,0.451,-2.11,3.33,-3.22,-171.77
S28_MTF_RSI_Align,AVAX_USDT_USDT,1H,Mar,2,-3.99,0.0,0.0,-1.07,-1.66,-2.32,-209.17
S28_MTF_RSI_Align,AVAX_USDT_USDT,1H,Apr,0,0.0,0.0,0.0,0.0,0.0,0.0,0.0
S28_MTF_RSI_Align,AVAX_USDT_USDT,1H,May,2,0.96,50.0,1.504,0.0,1.88,-0.92,44.35
S28_MTF_RSI_Align,AVAX_USDT_USDT,1H,Jun,1,-2.51,0.0,0.0,0.0,-2.51,-2.51,-101.64
S28_MTF_RSI_Align,AVAX_USDT_USDT,1H,Jul,1,-1.72,0.0,0.0,0.0,-1.72,-1.72,-103.37
S28_MTF_RSI_Align,AVAX_USDT_USDT,1H,Aug,1,-1.34,0.0,0.0,0.0,-1.34,-1.34,-104.92
S11_Supertrend,ANKR_USDT_USDT,4H,Jan,7,-21.85,14.29,0.231,-3.66,6.96,-5.67,-465.62
S11_Supertrend,ANKR_USDT_USDT,4H,Feb,5,-6.19,20.0,0.359,-2.92,16.86,-8.51,-249.74
S11_Supertrend,ANKR_USDT_USDT,4H,Mar,5,-40.12,0.0,0.0,-3.72,-5.36,-11.08,-463.4
S11_Supertrend,ANKR_USDT_USDT,4H,Apr,1,6.4,100.0,999.0,0.0,6.4,6.4,128.12
S11_Supertrend,ANKR_USDT_USDT,4H,May,4,3.04,50.0,1.363,-1.86,6.25,-4.37,69.19
S11_Supertrend,ANKR_USDT_USDT,4H,Jun,2,1.9,50.0,1.401,0.0,6.82,-4.92,37.15
S11_Supertrend,ANKR_USDT_USDT,4H,Jul,4,0.42,50.0,1.38,-0.94,6.67,-6.63,72.05
S11_Supertrend,ANKR_USDT_USDT,4H,Aug,3,10.01,100.0,999.0,0.0,3.48,3.12,391.18
S28_MTF_RSI_Align,ZRX_USDT_USDT,1H,Jan,7,-4.86,28.57,0.621,-2.54,5.52,-3.88,-196.4
S28_MTF_RSI_Align,ZRX_USDT_USDT,1H,Feb,7,-15.77,14.29,0.263,-3.46,5.13,-4.02,-444.5
S28_MTF_RSI_Align,ZRX_USDT_USDT,1H,Mar,5,-6.3,20.0,0.374,-1.97,3.12,-2.6,-246.37
S28_MTF_RSI_Align,ZRX_USDT_USDT,1H,Apr,5,-6.58,20.0,0.378,-3.83,2.79,-2.99,-241.6
S28_MTF_RSI_Align,ZRX_USDT_USDT,1H,May,8,2.46,50.0,1.49,-2.82,3.98,-3.28,189.9
S28_MTF_RSI_Align,ZRX_USDT_USDT,1H,Jun,8,2.25,50.0,1.54,-1.9,5.22,-3.32,203.61
S28_MTF_RSI_Align,ZRX_USDT_USDT,1H,Jul,5,-9.35,0.0,0.0,-3.97,-1.09,-2.63,-491.36
S28_MTF_RSI_Align,ZRX_USDT_USDT,1H,Aug,5,-13.25,0.0,0.0,-3.66,-1.58,-3.28,-455.18
S11_Supertrend,AVAX_USDT_USDT,4H,Jan,1,9.97,100.0,999.0,0.0,9.97,9.97,242.48
S11_Supertrend,AVAX_USDT_USDT,4H,Feb,2,-8.52,0.0,0.0,-1.06,-3.81,-4.71,-210.98
S11_Supertrend,AVAX_USDT_USDT,4H,Mar,2,5.2,50.0,2.325,0.0,9.69,-4.49,137.11
S11_Supertrend,AVAX_USDT_USDT,4H,Apr,4,-16.21,0.0,0.0,-3.13,-3.71,-4.68,-414.93
S11_Supertrend,AVAX_USDT_USDT,4H,May,1,6.19,100.0,999.0,0.0,6.19,6.19,232.71
S11_Supertrend,AVAX_USDT_USDT,4H,Jun,1,-4.86,0.0,0.0,0.0,-4.86,-4.86,-102.91
S11_Supertrend,AVAX_USDT_USDT,4H,Jul,2,-8.92,0.0,0.0,-1.04,-2.99,-5.94,-203.68
S11_Supertrend,AVAX_USDT_USDT,4H,Aug,5,-15.23,0.0,0.0,-3.54,-1.85,-3.6,-451.18
S02_Inverted_Hammer_Long,CHZ_USDT_USDT,4H,Jan,1,-6.0,0.0,0.0,0.0,-6.0,-6.0,-102.3
S02_Inverted_Hammer_Long,CHZ_USDT_USDT,4H,Feb,1,4.22,100.0,999.0,0.0,4.22,4.22,93.99
S02_Inverted_Hammer_Long,CHZ_USDT_USDT,4H,Mar,0,0.0,0.0,0.0,0.0,0.0,0.0,0.0
S02_Inverted_Hammer_Long,CHZ_USDT_USDT,4H,Apr,0,0.0,0.0,0.0,0.0,0.0,0.0,0.0
S02_Inverted_Hammer_Long,CHZ_USDT_USDT,4H,May,1,-4.7,0.0,0.0,0.0,-4.7,-4.7,-102.9
S02_Inverted_Hammer_Long,CHZ_USDT_USDT,4H,Jun,0,0.0,0.0,0.0,0.0,0.0,0.0,0.0
S02_Inverted_Hammer_Long,CHZ_USDT_USDT,4H,Jul,0,0.0,0.0,0.0,0.0,0.0,0.0,0.0
S02_Inverted_Hammer_Long,CHZ_USDT_USDT,4H,Aug,1,2.28,100.0,999.0,0.0,2.28,2.28,118.77
