entry_time,exit_time,direction,entry_price,exit_price,size,sl,tp,pnl,pnl_pct,reason,strategy,symbol,tf
2026-01-08 04:00:00,2026-01-14 16:00:00,SHORT,0.9066279300000001,0.933719759502431,3729.7014378138647,0.9334397275841558,0.8626671206930737,-104.81960653121281,-3.099840607343442,SL,S30_Seasonality,TWT_USDT_USDT,4H
2026-01-16 04:00:00,2026-01-16 08:00:00,LONG,0.93998191,0.9871597883383687,3419.734172277805,0.9110463849124525,0.9874560251459125,157.7111309529383,4.90625935602129,TP,S30_Seasonality,TWT_USDT_USDT,4H
2026-01-16 12:00:00,2026-01-19 00:00:00,LONG,0.96168842,0.929165753614742,3117.7718609216226,0.9294445869908392,1.014659021681935,-104.64064266268025,-3.4899698782632873,SL,S30_Seasonality,TWT_USDT_USDT,4H
2026-01-22 04:00:00,2026-01-30 00:00:00,SHORT,0.8764369900000001,0.8244094767839076,3129.790846601749,0.9082226631307162,0.824162228115473,159.9074230984093,5.829517494390703,TP,S30_Seasonality,TWT_USDT_USDT,4H
2026-02-05 20:00:00,2026-02-06 00:00:00,SHORT,0.61561526,0.5379064701750674,2149.8645445473976,0.6626329120213532,0.5377451466310781,165.6994185363205,12.519889918475425,TP,S30_Seasonality,TWT_USDT_USDT,4H
2026-02-13 04:00:00,2026-02-23 00:00:00,LONG,0.52425723,0.4892420009124858,2946.465584118732,0.48938881755775315,0.581951970737078,-104.81359975827168,-6.785343459071812,SL,S30_Seasonality,TWT_USDT_USDT,4H
2026-02-26 16:00:00,2026-02-27 16:00:00,SHORT,0.48975303000000003,0.5086261752259414,5432.006677220737,0.5084736331360007,0.4589439447733321,-105.50181226752254,-3.9657240688874715,SL,S30_Seasonality,TWT_USDT_USDT,4H
2026-02-28 00:00:00,2026-02-28 04:00:00,LONG,0.5091527,0.4875244971570783,4684.660835507184,0.48767079839659727,0.5445486693390046,-103.88879684778117,-4.355545065627289,SL,S30_Seasonality,TWT_USDT_USDT,4H
2026-03-06 04:00:00,2026-03-07 04:00:00,LONG,0.50095024,0.4817213497257576,5218.759711687713,0.48186590949860714,0.5323568175023216,-103.17153765993446,-3.9463719287950774,SL,S30_Seasonality,TWT_USDT_USDT,4H
2026-03-13 04:00:00,2026-03-15 08:00:00,LONG,0.5046513499999999,0.5251283916652115,7808.390699206168,0.4920284135249305,0.5252859774584491,155.47023427951805,3.9454294152380087,TP,S30_Seasonality,TWT_USDT_USDT,4H
2026-03-19 12:00:00,2026-03-22 20:00:00,SHORT,0.51304604,0.4840472198645471,5646.029662094487,0.5307787704501367,0.48390204924977215,160.63190868392164,5.545392932479784,TP,S30_Seasonality,TWT_USDT_USDT,4H
2026-03-26 12:00:00,2026-03-26 12:00:00,SHORT,0.47815651000000003,0.49229863795814,7268.996194229591,0.4921509926603419,0.45521501223276356,-106.67890343347531,-3.069262465864354,SL,S30_Seasonality,TWT_USDT_USDT,4H
2026-03-26 16:00:00,2026-03-27 12:00:00,SHORT,0.48655399000000005,0.4620632316124024,6705.58882801752,0.5015652074703175,0.4619246542161376,160.72638545973098,4.926281442211748,TP,S30_Seasonality,TWT_USDT_USDT,4H
2026-04-03 04:00:00,2026-04-24 08:00:00,LONG,0.39651891999999994,0.4402431275680167,3858.5145166510492,0.3700148559159647,0.4403752401400587,166.93472745111822,10.910951851138494,TP,S30_Seasonality,TWT_USDT_USDT,4H
2026-04-24 12:00:00,2026-04-27 12:00:00,LONG,0.44293284,0.4292382442687372,7661.602965219382,0.4293670543850527,0.4651882426915789,-108.59778097310037,-3.2000991002632837,SL,S30_Seasonality,TWT_USDT_USDT,4H
2026-04-30 04:00:00,2026-05-06 04:00:00,SHORT,0.42907124,0.4400160345217098,9511.819952113165,0.4398840693009195,0.41139321783180094,-108.6515458262356,-2.662213510907118,SL,S30_Seasonality,TWT_USDT_USDT,4H
2026-05-08 04:00:00,2026-05-09 00:00:00,LONG,0.45493643999999994,0.4745917860190134,8412.290221921636,0.44283947623146136,0.4747342062808977,161.04577146052648,4.208083550023608,TP,S30_Seasonality,TWT_USDT_USDT,4H
2026-05-28 04:00:00,2026-05-28 20:00:00,SHORT,0.43067076000000004,0.4434931062871202,8146.494769131107,0.4433600982576429,0.40986650290392856,-108.37393120625123,-3.0889342043044805,SL,S30_Seasonality,TWT_USDT_USDT,4H
2026-05-29 00:00:00,2026-05-30 12:00:00,SHORT,0.44196737,0.4543965800897202,8321.032641755348,0.4542603019991205,0.4218328300014658,-107.52613339597083,-2.923792827119691,SL,S30_Seasonality,TWT_USDT_USDT,4H
2026-06-04 08:00:00,2026-06-04 16:00:00,SHORT,0.43766866000000004,0.45743729483400525,5155.740095114078,0.4573001048025645,0.4052998253290592,-104.46015675274165,-4.629288080431417,SL,S30_Seasonality,TWT_USDT_USDT,4H
2026-06-12 04:00:00,2026-06-15 12:00:00,LONG,0.38961685,0.41398993896470737,6729.4352554269535,0.3747314960699966,0.4141141732166724,161.04282324132154,6.142215161068307,TP,S30_Seasonality,TWT_USDT_USDT,4H
2026-06-18 04:00:00,2026-06-18 12:00:00,SHORT,0.40197937,0.38334503661784136,8894.879457064151,0.41342195944146276,0.3832300675975621,161.90819793469177,4.528193812164746,TP,S30_Seasonality,TWT_USDT_USDT,4H
2026-06-18 16:00:00,2026-06-18 20:00:00,SHORT,0.37638705,0.3893218799367207,8066.701822885468,0.3892051184012003,0.35532480266466615,-107.73862632076437,-3.548466890182826,SL,S30_Seasonality,TWT_USDT_USDT,4H
2026-06-19 00:00:00,2026-06-23 08:00:00,SHORT,0.38458459,0.3633377525654269,7872.061102126481,0.39758272964185126,0.3632287839302478,164.0181728027315,5.417658608256283,TP,S30_Seasonality,TWT_USDT_USDT,4H
2026-06-25 04:00:00,2026-06-25 04:00:00,SHORT,0.33120061,0.3430386533368663,8859.044795647444,0.3429357726050848,0.311907045658192,-108.15896992440119,-3.6862477190792475,SL,S30_Seasonality,TWT_USDT_USDT,4H
2026-06-25 08:00:00,2026-06-27 12:00:00,SHORT,0.34739575,0.36026626488423297,8061.195231745507,0.3601582174190073,0.3264029709683211,-106.88926412792806,-3.8168944186620855,SL,S30_Seasonality,TWT_USDT_USDT,4H
2026-07-02 08:00:00,2026-07-03 16:00:00,SHORT,0.35549332000000006,0.3354166082990168,8292.844553357489,0.3677703919030191,0.3353160134949683,163.34176452916213,5.540669861368642,TP,S30_Seasonality,TWT_USDT_USDT,4H
2026-07-09 04:00:00,2026-07-09 12:00:00,SHORT,0.33220031,0.34188539198720874,10795.174300036908,0.34178285713006973,0.3164952381165504,-108.55442811742928,-3.027037850537138,SL,S30_Seasonality,TWT_USDT_USDT,4H
2026-07-10 04:00:00,2026-07-13 00:00:00,LONG,0.34830446,0.36512128469044586,9915.721807390379,0.33798148763202207,0.36523085394662985,162.8601831460957,4.715541262625845,TP,S30_Seasonality,TWT_USDT_USDT,4H
2026-07-16 20:00:00,2026-07-18 12:00:00,SHORT,0.35249422,0.33693147479489216,10868.884942415903,0.3620617445996848,0.336830425667192,165.0283783182632,4.307463842377521,TP,S30_Seasonality,TWT_USDT_USDT,4H
2026-07-24 00:00:00,2026-07-25 16:00:00,SHORT,0.33469956,0.3412790633580151,16309.426555750504,0.34117671034491165,0.3241721494251472,-113.37157983186435,-2.076875034093864,SL,S30_Seasonality,TWT_USDT_USDT,4H
2026-07-31 04:00:00,2026-07-31 08:00:00,LONG,0.3931179,0.37804349213191935,6985.1725123264005,0.37815693921368343,0.41773843464386096,-108.26002192710193,-3.9424678025989737,SL,S30_Seasonality,TWT_USDT_USDT,4H
2026-07-31 12:00:00,2026-08-01 12:00:00,LONG,0.37941379000000003,0.36321509831782844,6427.859281116059,0.36332409554649236,0.4059265074225128,-106.74834336689338,-4.377051654012467,SL,S30_Seasonality,TWT_USDT_USDT,4H
2026-08-07 04:00:00,2026-08-07 08:00:00,LONG,0.3781134,0.3926880166622448,11376.656087071091,0.3691164849481376,0.3928058584197707,160.9873729214186,3.7424423157392903,TP,S30_Seasonality,TWT_USDT_USDT,4H
2026-08-07 12:00:00,2026-08-08 04:00:00,LONG,0.38781631,0.40443419492816,10163.076257261218,0.37758666304201655,0.404555561596639,164.46039549624092,4.172631922172002,TP,S30_Seasonality,TWT_USDT_USDT,4H
2026-08-14 04:00:00,2026-08-15 16:00:00,LONG,0.40462135,0.3917047272207197,8251.321054154783,0.39182227390289054,0.4256295434951825,-110.19310965706987,-3.3005184036264255,SL,S30_Seasonality,TWT_USDT_USDT,4H
2026-08-21 04:00:00,2026-08-21 12:00:00,LONG,0.40982291,0.4274219576423249,9647.090752169166,0.39898986637451744,0.4275502227091376,165.33727228629368,4.181943602206528,TP,S30_Seasonality,TWT_USDT_USDT,4H
2026-08-21 16:00:00,2026-08-22 00:00:00,LONG,0.42322692999999995,0.44215834377375646,9119.124172665775,0.41158538135015116,0.4422910310830814,168.2975572941942,4.360651594921181,TP,S30_Seasonality,TWT_USDT_USDT,4H
2026-01-30 00:00:00,2026-01-31 00:00:00,LONG,0.036731016,0.03206869337490412,21492.900616432078,0.0320783168699651,0.04368252469505235,-101.02012474674731,-12.796167863290464,SL,S13_Hull_MA_Trend,1000LUNC_USDT_USDT,1D
2026-02-01 00:00:00,2026-02-01 00:00:00,SHORT,0.03418974,0.03980379699138056,17670.06218391082,0.0397918594335505,0.025812210849674253,-99.91984486162865,-16.539328572623887,SL,S13_Hull_MA_Trend,1000LUNC_USDT_USDT,1D
2026-02-05 00:00:00,2026-02-06 00:00:00,LONG,0.036751022,0.03073282608172503,16307.378207876582,0.03074204869633393,0.04573692695549911,-98.74626351688441,-16.476581344377088,SL,S13_Hull_MA_Trend,1000LUNC_USDT_USDT,1D
2026-02-17 00:00:00,2026-02-27 00:00:00,LONG,0.035060514999999993,0.04317407706553023,17847.19424144783,0.029625311216344746,0.04318703317548288,144.03637079501416,23.01886620859448,TP,S13_Hull_MA_Trend,1000LUNC_USDT_USDT,1D
2026-03-09 00:00:00,2026-04-17 00:00:00,SHORT,0.041507544,0.047893362646257764,15450.709798965921,0.04787899894657379,0.03198150158013932,-99.42514983754981,-15.503179722975673,SL,S13_Hull_MA_Trend,1000LUNC_USDT_USDT,1D
2026-05-13 00:00:00,2026-06-06 00:00:00,SHORT,0.09152253500000002,0.05771375057910813,4312.580844357412,0.11411903890225725,0.057696441646614145,145.4491396139883,36.85071055322426,TP,S13_Hull_MA_Trend,1000LUNC_USDT_USDT,1D
2026-06-12 00:00:00,2026-07-19 00:00:00,LONG,0.071041306,0.056231610095830754,6685.928186091447,0.05624848464122312,0.09317727303816532,-99.48457894050635,-20.945132973796895,SL,S13_Hull_MA_Trend,1000LUNC_USDT_USDT,1D
2026-08-06 00:00:00,2026-08-21 00:00:00,LONG,0.049804937,0.057698832076404576,18476.74085273294,0.04450590205301286,0.057716146920480715,144.7609780403376,15.730906362581187,TP,S13_Hull_MA_Trend,1000LUNC_USDT_USDT,1D
2026-08-30 00:00:00,2026-08-31 00:00:00,SHORT,0.052644202,0.050795233999999995,14469.850719875285,0.05951065191637596,0.04238402212543606,25.931076687219008,3.4041285499968383,EOD,S13_Hull_MA_Trend,1000LUNC_USDT_USDT,1D
2026-02-14 00:00:00,2026-06-05 00:00:00,LONG,6.3399014,4.827992281379209,66.20498460495143,4.829441113713322,8.600838329430015,-100.50257354846013,-23.94440172437933,SL,S13_Hull_MA_Trend,ZEN_USDT_USDT,1D
2026-06-15 00:00:00,2026-07-28 00:00:00,LONG,4.5663695,3.7872111068873973,127.23931766685966,3.788347611170748,5.729978583243879,-99.72417943712693,-17.163588326489812,SL,S13_Hull_MA_Trend,ZEN_USDT_USDT,1D
2026-08-04 00:00:00,2026-08-21 00:00:00,LONG,4.0952282,4.688047874530369,246.103020795267,3.697030192704233,4.689454710943652,144.7058377628594,14.35790251418412,TP,S13_Hull_MA_Trend,ZEN_USDT_USDT,1D
2026-08-31 00:00:00,2026-08-31 00:00:00,SHORT,5.2314301,5.631689,118.15555442419166,6.07307306238461,3.972890406423084,-47.99875806573716,-7.765249802439294,EOD,S13_Hull_MA_Trend,ZEN_USDT_USDT,1D
2026-01-09 04:00:00,2026-01-09 15:00:00,LONG,0.13990195800000002,0.14591459528750914,27019.814332887767,0.13620097031859013,0.14595838280234982,158.2128525477923,4.185386871569722,TP,S28_MTF_RSI_Align,MANA_USDT_USDT,1H
2026-01-10 08:00:00,2026-01-11 15:00:00,LONG,0.14654394999999998,0.14179528225783666,21585.128811606104,0.14183783360791904,0.1542702773201349,-105.92371660646263,-3.3486570546959635,SL,S28_MTF_RSI_Align,MANA_USDT_USDT,1H
2026-01-12 03:00:00,2026-01-12 07:00:00,LONG,0.143773119,0.13970987822696493,24997.515877859078,0.13975180376809535,0.15036032705317443,-105.46842963786499,-2.9345933724300064,SL,S28_MTF_RSI_Align,MANA_USDT_USDT,1H
2026-01-14 15:00:00,2026-01-15 02:00:00,LONG,0.15370609799999999,0.14823478173511248,18328.96212177125,0.14827926551476692,0.16262789080872178,-103.32739319657756,-3.667638318905094,SL,S28_MTF_RSI_Align,MANA_USDT_USDT,1H
2026-01-16 02:00:00,2026-01-16 15:00:00,LONG,0.14584374,0.1417627259250716,24374.298267678798,0.1418052675053232,0.15245788749112804,-103.32746747819374,-2.906670955631815,SL,S28_MTF_RSI_Align,MANA_USDT_USDT,1H
2026-01-16 21:00:00,2026-01-17 01:00:00,LONG,0.144533347,0.15247415177525098,20036.1684708706,0.13967205535145485,0.15251990774757523,155.83031151580713,5.381076971063695,TP,S28_MTF_RSI_Align,MANA_USDT_USDT,1H
2026-01-18 09:00:00,2026-01-18 23:00:00,LONG,0.165839737,0.15516906699105562,9314.663079475142,0.1552156316805598,0.18341394719906698,-101.03824483567385,-6.540787538236055,SL,S28_MTF_RSI_Align,MANA_USDT_USDT,1H
2026-01-19 09:00:00,2026-01-19 12:00:00,LONG,0.15709711499999998,0.1476792941401844,10449.622836787277,0.14772361122355146,0.1725939812940809,-100.16431511828632,-6.101606566640435,SL,S28_MTF_RSI_Align,MANA_USDT_USDT,1H
2026-01-20 10:00:00,2026-01-20 17:00:00,LONG,0.16161847099999999,0.15143002821102983,9558.112447997035,0.15147547085228552,0.17839421524619078,-99.02796586338596,-6.410541690829525,SL,S28_MTF_RSI_Align,MANA_USDT_USDT,1H
2026-01-21 03:00:00,2026-01-21 16:00:00,LONG,0.16042811399999998,0.1509534861455254,10176.510360787062,0.15099878578125978,0.1760153570312337,-98.161476469684,-6.01259186688103,SL,S28_MTF_RSI_Align,MANA_USDT_USDT,1H
2026-01-21 20:00:00,2026-01-22 02:00:00,LONG,0.15775731299999998,0.17314982271674778,10166.147335896067,0.14841493004896603,0.17320178325172328,154.63229376676227,9.641715178112593,TP,S28_MTF_RSI_Align,MANA_USDT_USDT,1H
2026-01-26 03:00:00,2026-01-26 07:00:00,SHORT,0.142997088,0.1480997476320396,19082.191951174813,0.14805533103272978,0.13468111494545038,-100.42505169174122,-3.680328715251334,SL,S28_MTF_RSI_Align,MANA_USDT_USDT,1H
2026-01-26 17:00:00,2026-01-28 14:00:00,SHORT,0.14411675200000001,0.13542799427692598,17999.120576205987,0.14942357316189586,0.13538737806350692,153.62264013797477,5.9222873081553535,TP,S28_MTF_RSI_Align,MANA_USDT_USDT,1H
2026-01-30 21:00:00,2026-01-31 14:00:00,SHORT,0.124532629,0.11754335291443711,22705.368396132235,0.1288071397094249,0.11750810048429183,155.67105495291003,5.505492295926678,TP,S28_MTF_RSI_Align,MANA_USDT_USDT,1H
2026-02-01 11:00:00,2026-02-03 18:00:00,SHORT,0.114035779,0.10694721365662467,22788.980061824714,0.11836291653106588,0.1069151391148902,158.77138691961233,6.10950769881985,TP,S28_MTF_RSI_Align,MANA_USDT_USDT,1H
2026-02-07 07:00:00,2026-02-07 14:00:00,SHORT,0.10072977200000001,0.10481269403743129,24731.3513478575,0.10478125965953343,0.0940579005674443,-103.77201805308549,-4.1655712213384835,SL,S28_MTF_RSI_Align,MANA_USDT_USDT,1H
2026-02-08 01:00:00,2026-02-09 10:00:00,SHORT,0.104258713,0.09769435545452612,24751.565561067855,0.10826496643735312,0.0976650559377448,159.72886611532616,6.189682542718411,TP,S28_MTF_RSI_Align,MANA_USDT_USDT,1H
2026-02-10 04:00:00,2026-02-11 07:00:00,SHORT,0.10011995500000001,0.09527919649295363,33929.109322250864,0.103089627216063,0.09525062130656167,160.5962790433287,4.727617959601813,TP,S28_MTF_RSI_Align,MANA_USDT_USDT,1H
2026-02-11 15:00:00,2026-02-11 18:00:00,SHORT,0.094811548,0.09767938429692448,36062.28915435585,0.09765008927014344,0.09015651788309426,-107.23865680009362,-3.1364389385223332,SL,S28_MTF_RSI_Align,MANA_USDT_USDT,1H
2026-02-12 15:00:00,2026-02-13 16:00:00,SHORT,0.099500141,0.10230159517415818,36557.275947414004,0.10227091389998819,0.09496181016668633,-106.47106026452776,-2.927076383795245,SL,S28_MTF_RSI_Align,MANA_USDT_USDT,1H
2026-02-16 06:00:00,2026-02-18 19:00:00,SHORT,0.101899421,0.09790490995635213,40688.99765406251,0.10436267162470131,0.0978755472921645,158.06123960965994,3.8122087677238876,TP,S28_MTF_RSI_Align,MANA_USDT_USDT,1H
2026-02-20 12:00:00,2026-02-20 16:00:00,SHORT,0.09647105,0.09841704815754,53122.2399719724,0.09838753189797061,0.09335411350338232,-109.06987188475938,-2.1282930076190176,SL,S28_MTF_RSI_Align,MANA_USDT_USDT,1H
2026-02-21 18:00:00,2026-02-22 02:00:00,SHORT,0.09868038700000001,0.09525374895791303,47496.776741340225,0.10080089115790482,0.09522518140349198,157.68807656142386,3.364370943650768,TP,S28_MTF_RSI_Align,MANA_USDT_USDT,1H
2026-02-23 01:00:00,2026-02-23 01:00:00,SHORT,0.093681887,0.09072396710017112,55713.91787286031,0.09551794515635043,0.09069675807274931,159.1466214377291,3.049145113904235,TP,S28_MTF_RSI_Align,MANA_USDT_USDT,1H
2026-02-23 16:00:00,2026-02-24 13:00:00,SHORT,0.092662193,0.08876845515591315,43345.07331714121,0.0950589004363212,0.08874183260613132,164.44908371920988,4.094389377986228,TP,S28_MTF_RSI_Align,MANA_USDT_USDT,1H
2026-02-25 06:00:00,2026-02-25 09:00:00,SHORT,0.090062973,0.09281106545681685,38794.10344887648,0.09278323048767055,0.08560128252054909,-110.51172195813385,-3.162979283359979,SL,S28_MTF_RSI_Align,MANA_USDT_USDT,1H
2026-03-02 13:00:00,2026-03-02 14:00:00,SHORT,0.09571127800000001,0.09864285461074611,35983.83817419384,0.09861327062955724,0.0909512156174046,-109.33586256733223,-3.174622100106121,SL,S28_MTF_RSI_Align,MANA_USDT_USDT,1H
2026-03-08 14:00:00,2026-03-10 04:00:00,SHORT,0.090802751,0.09273600215536291,54229.75539590424,0.09270818969845339,0.087699683835911,-110.31403120328662,-2.240237709976831,SL,S28_MTF_RSI_Align,MANA_USDT_USDT,1H
2026-03-10 19:00:00,2026-03-13 13:00:00,SHORT,0.091412568,0.09434479634606392,35203.40183431445,0.09431650139564524,0.08664583100725792,-106.82102286387223,-3.3194504463043404,SL,S28_MTF_RSI_Align,MANA_USDT_USDT,1H
2026-03-13 18:00:00,2026-03-16 05:00:00,SHORT,0.09317204000000001,0.09560406698321917,42091.22278234935,0.09557539436490971,0.08924100939181716,-106.73718900962119,-2.7216897280127523,SL,S28_MTF_RSI_Align,MANA_USDT_USDT,1H
2026-03-17 10:00:00,2026-03-18 12:00:00,LONG,0.096458929,0.0942876549429373,46707.28896415909,0.09431594972785565,0.0999534171202406,-106.31441550194165,-2.359744921313939,SL,S28_MTF_RSI_Align,MANA_USDT_USDT,1H
2026-03-19 23:00:00,2026-03-20 01:00:00,SHORT,0.089353186,0.09129900587048366,51619.905451256374,0.09127162438316871,0.08622729269471881,-105.57192472469652,-2.2888703442677745,SL,S28_MTF_RSI_Align,MANA_USDT_USDT,1H
2026-03-20 10:00:00,2026-03-21 10:00:00,SHORT,0.08991301800000001,0.08706785321971383,55479.81408432121,0.09167895558149726,0.08704174069750459,152.44883684207286,3.056092835317058,TP,S28_MTF_RSI_Align,MANA_USDT_USDT,1H
2026-03-21 18:00:00,2026-03-21 23:00:00,SHORT,0.08763370200000001,0.08519494556579403,65430.99820176704,0.08915436315157811,0.08516939474736983,153.35067485062888,2.6744284727864063,TP,S28_MTF_RSI_Align,MANA_USDT_USDT,1H
2026-03-23 07:00:00,2026-03-23 11:00:00,SHORT,0.083914818,0.08574666316837289,55938.35783299734,0.08572094688430759,0.0809717551928207,-107.69023207732965,-2.294182396982007,SL,S28_MTF_RSI_Align,MANA_USDT_USDT,1H
2026-03-24 17:00:00,2026-03-24 20:00:00,SHORT,0.08740377099999999,0.08932873723263127,52658.44684812325,0.08930194664863668,0.08431008891893885,-106.484284710553,-2.31359481292772,SL,S28_MTF_RSI_Align,MANA_USDT_USDT,1H
2026-03-28 22:00:00,2026-03-29 22:00:00,SHORT,0.081885427,0.07941367102218455,64353.92512965177,0.08342208756042115,0.07938985406596476,153.35807259242438,2.9102143827170175,TP,S28_MTF_RSI_Align,MANA_USDT_USDT,1H
2026-03-29 23:00:00,2026-03-30 00:00:00,SHORT,0.079626105,0.0812005818891373,64784.312775840044,0.08117622902043117,0.07710628496594803,-107.73187875657264,-2.088425104965667,SL,S28_MTF_RSI_Align,MANA_USDT_USDT,1H
2026-03-30 18:00:00,2026-03-31 17:00:00,SHORT,0.081985397,0.08375076012679607,57087.58008994175,0.08372564243406586,0.07915059594322357,-105.98412076787672,-2.264449622919803,SL,S28_MTF_RSI_Align,MANA_USDT_USDT,1H
2026-04-02 01:00:00,2026-04-02 01:00:00,LONG,0.088446526,0.08627535003204131,45815.13975408205,0.08630124040416257,0.09195126599306239,-103.87542934540826,-2.5634392918680664,SL,S28_MTF_RSI_Align,MANA_USDT_USDT,1H
2026-04-02 15:00:00,2026-04-05 12:00:00,LONG,0.086415917,0.08401702373367913,40969.20423107305,0.0840422364046005,0.09030293932566583,-102.12112423258677,-2.8844586394013394,SL,S28_MTF_RSI_Align,MANA_USDT_USDT,1H
2026-04-05 23:00:00,2026-04-06 10:00:00,LONG,0.08542562000000001,0.08808271938998818,58279.89605259135,0.08377450871862269,0.08810915213562887,149.29384985876638,2.998713738716421,TP,S28_MTF_RSI_Align,MANA_USDT_USDT,1H
2026-04-08 20:00:00,2026-04-09 09:00:00,LONG,0.089006694,0.09230966410194956,47875.606788714365,0.0869655808130742,0.09233736531154302,153.35735097014918,3.5988822424900877,TP,S28_MTF_RSI_Align,MANA_USDT_USDT,1H
2026-04-09 19:00:00,2026-04-11 01:00:00,LONG,0.09242771999999999,0.08925164814788435,31516.042893108835,0.08927843167738755,0.09760261387102073,-103.24641484051017,-3.5443863643904456,SL,S28_MTF_RSI_Align,MANA_USDT_USDT,1H
2026-04-12 18:00:00,2026-04-12 22:00:00,LONG,0.087556259,0.08556536034389306,49979.42952797128,0.08559103765518962,0.0907616039080173,-104.26286495580092,-2.3826001368401073,SL,S28_MTF_RSI_Align,MANA_USDT_USDT,1H
2026-04-13 08:00:00,2026-04-13 12:00:00,SHORT,0.085184437,0.08677567802710433,62086.00277325823,0.08674965313116498,0.08264391144805837,-104.66576871987589,-1.9790224009688921,SL,S28_MTF_RSI_Align,MANA_USDT_USDT,1H
2026-04-13 18:00:00,2026-04-13 22:00:00,SHORT,0.086114158,0.0877671581369613,59096.73709150577,0.08774083588619544,0.08347194018967424,-103.33861463990434,-2.0306008924068375,SL,S28_MTF_RSI_Align,MANA_USDT_USDT,1H
2026-04-17 12:00:00,2026-04-18 17:00:00,LONG,0.0950285,0.09227097006218041,34836.458321731545,0.09229865966007843,0.0995022338998693,-99.65124435015623,-3.0101965687702044,SL,S28_MTF_RSI_Align,MANA_USDT_USDT,1H
2026-04-22 15:00:00,2026-04-22 23:00:00,LONG,0.092747816,0.09103524044796257,55838.052492260504,0.09106255921572728,0.09548240130712118,-101.27103194584885,-1.9554705558606393,SL,S28_MTF_RSI_Align,MANA_USDT_USDT,1H
2026-04-24 06:00:00,2026-04-24 19:00:00,LONG,0.091837543,0.09463694324592928,53476.26912945924,0.09009679429072966,0.0946653428487839,144.21690305564306,2.9365324794175116,TP,S28_MTF_RSI_Align,MANA_USDT_USDT,1H
2026-04-25 23:00:00,2026-04-26 03:00:00,LONG,0.097139133,0.09415216018328716,31949.9504080663,0.09418041430757944,0.10199264282070095,-98.79509439610287,-3.1832516231781156,SL,S28_MTF_RSI_Align,MANA_USDT_USDT,1H
2026-04-27 01:00:00,2026-04-27 05:00:00,LONG,0.095268572,0.09320463719837206,45945.270990812416,0.0932326069804662,0.09858565503255633,-99.5907427372841,-2.2752467274171373,SL,S28_MTF_RSI_Align,MANA_USDT_USDT,1H
2026-04-30 03:00:00,2026-05-06 03:00:00,SHORT,0.089893024,0.09193704752991534,45896.018036148744,0.0919094746875091,0.08660420885415152,-98.40244272865502,-2.3850906042017153,SL,S28_MTF_RSI_Align,MANA_USDT_USDT,1H
2026-05-07 13:00:00,2026-05-07 14:00:00,LONG,0.093107924,0.09118572807138108,48322.50703301604,0.09121309199898077,0.09619151333503205,-97.78336849362027,-2.173346102377043,SL,S28_MTF_RSI_Align,MANA_USDT_USDT,1H
2026-05-08 02:00:00,2026-05-08 14:00:00,LONG,0.092187648,0.09504926277761756,50938.64766673957,0.09040932833192905,0.09507778611345159,140.52110964942608,2.9924122553705637,TP,S28_MTF_RSI_Align,MANA_USDT_USDT,1H
2026-05-10 23:00:00,2026-05-12 14:00:00,LONG,0.09987995499999999,0.09682458502981825,30396.85036659035,0.09685364112215489,0.10484393146307518,-96.16218295653151,-3.1673597241790334,SL,S28_MTF_RSI_Align,MANA_USDT_USDT,1H
2026-05-12 20:00:00,2026-05-13 13:00:00,LONG,0.098489538,0.09581255517625087,34373.43940904884,0.09584130756852142,0.10282448738579764,-95.69046406597016,-2.8265428303624196,SL,S28_MTF_RSI_Align,MANA_USDT_USDT,1H
2026-05-17 12:00:00,2026-05-17 23:00:00,SHORT,0.089253216,0.0872698489221166,72139.54351497955,0.09050179450837752,0.0872436758193708,136.0753342933063,2.1134021570452206,TP,S28_MTF_RSI_Align,MANA_USDT_USDT,1H
2026-05-18 19:00:00,2026-05-18 19:00:00,SHORT,0.08615414600000001,0.08797868279256656,50848.13884951731,0.08795229710343552,0.08322617149427415,-97.64418180566348,-2.2289233165893756,SL,S28_MTF_RSI_Align,MANA_USDT_USDT,1H
2026-05-19 12:00:00,2026-05-20 04:00:00,SHORT,0.087753666,0.0893891606229425,56229.8669897488,0.08936235191736729,0.08514274680438785,-97.44203977906429,-1.9747587269859732,SL,S28_MTF_RSI_Align,MANA_USDT_USDT,1H
2026-05-20 11:00:00,2026-05-22 19:00:00,SHORT,0.088753366,0.08622792845801197,56871.84184127172,0.0903267592974036,0.08620206783766067,138.15295479097483,2.737020509212149,TP,S28_MTF_RSI_Align,MANA_USDT_USDT,1H
2026-05-24 08:00:00,2026-05-26 14:00:00,SHORT,0.086693984,0.08840500358402954,53940.622541663055,0.08837849003701843,0.08395584993830263,-97.48818316171443,-2.084716774811915,SL,S28_MTF_RSI_Align,MANA_USDT_USDT,1H
2026-05-26 16:00:00,2026-05-27 21:00:00,SHORT,0.08687393,0.08411090734893314,52423.436341773544,0.08858859101333612,0.08408568164443982,139.9171550541881,3.0722461738808686,TP,S28_MTF_RSI_Align,MANA_USDT_USDT,1H
2026-05-29 03:00:00,2026-05-29 15:00:00,SHORT,0.08308506700000001,0.08486970724230351,51891.92268321414,0.08484425396611368,0.08021957672314387,-97.40193635855788,-2.259148889097926,SL,S28_MTF_RSI_Align,MANA_USDT_USDT,1H
2026-06-01 07:00:00,2026-06-02 05:00:00,SHORT,0.084214728,0.08147268406560339,53115.56377204898,0.08591505024556428,0.08144824959072618,140.80489029721554,3.147805521334146,TP,S28_MTF_RSI_Align,MANA_USDT_USDT,1H
2026-06-04 21:00:00,2026-06-05 06:00:00,SHORT,0.073597914,0.06905110530592574,33042.736512213865,0.07637376228775823,0.06903039618706963,147.6465689724806,6.071302147851633,TP,S28_MTF_RSI_Align,MANA_USDT_USDT,1H
2026-06-05 18:00:00,2026-06-20 08:00:00,SHORT,0.068589417,0.07227717476410986,25421.720454281414,0.07225549811467546,0.06253416980887425,-95.7187360967527,-5.489526743725084,SL,S28_MTF_RSI_Align,MANA_USDT_USDT,1H
2026-06-22 10:00:00,2026-06-22 22:00:00,LONG,0.07390216399999999,0.0719800808549863,48535.51404690884,0.07200168135939412,0.07701053106767647,-97.18355184353308,-2.709417791451857,SL,S28_MTF_RSI_Align,MANA_USDT_USDT,1H
2026-06-26 05:00:00,2026-06-26 16:00:00,SHORT,0.063151049,0.0653167557971402,42527.52243194502,0.06529716664714606,0.059624722254756575,-95.10702399405706,-3.5412936525862486,SL,S28_MTF_RSI_Align,MANA_USDT_USDT,1H
2026-06-27 11:00:00,2026-06-29 13:00:00,SHORT,0.06523042500000001,0.06294582656735973,63900.96113350696,0.06664383091031108,0.06292694848281488,141.48321353151323,3.394277278245904,TP,S28_MTF_RSI_Align,MANA_USDT_USDT,1H
2026-06-29 23:00:00,2026-06-30 12:00:00,SHORT,0.06358092,0.0612409529911421,63459.72619620809,0.0650264482708335,0.06122258621527752,144.13702665445862,3.5723216630284216,TP,S28_MTF_RSI_Align,MANA_USDT_USDT,1H
2026-07-01 06:00:00,2026-07-01 14:00:00,SHORT,0.062101364000000006,0.06352497729727329,66336.85832991966,0.06350592551961741,0.059810124133970986,-99.0215448606362,-2.4036634444724587,SL,S28_MTF_RSI_Align,MANA_USDT_USDT,1H
2026-07-05 01:00:00,2026-07-05 01:00:00,LONG,0.072901864,0.07054746197732578,39509.14675410994,0.0705686325670959,0.07673227905484016,-96.13757329150782,-3.3377735745710764,SL,S28_MTF_RSI_Align,MANA_USDT_USDT,1H
2026-07-05 08:00:00,2026-07-06 05:00:00,LONG,0.07110132400000001,0.06868977635069612,38153.53625220298,0.06871038946753638,0.07502935088743938,-94.94250930986189,-3.4998402483992717,SL,S28_MTF_RSI_Align,MANA_USDT_USDT,1H
2026-07-07 01:00:00,2026-07-08 01:00:00,LONG,0.069850949,0.06812169048692189,52827.916504552406,0.06814213312685995,0.07264311145523343,-95.36196823697688,-2.584279083732867,SL,S28_MTF_RSI_Align,MANA_USDT_USDT,1H
2026-07-11 03:00:00,2026-07-11 05:00:00,LONG,0.07242172000000001,0.07510891459678685,53787.769666194916,0.07076112758020196,0.07513145403299674,140.17376493439465,3.598440837581064,TP,S28_MTF_RSI_Align,MANA_USDT_USDT,1H
2026-07-17 17:00:00,2026-07-17 22:00:00,LONG,0.07132139,0.07411762912399283,52582.527678239625,0.06959607734880895,0.07413987108531843,142.82716794560895,3.8084614776501686,TP,S28_MTF_RSI_Align,MANA_USDT_USDT,1H
2026-07-24 10:00:00,2026-07-24 18:00:00,SHORT,0.066709981,0.06777864933099798,87900.39354221933,0.06775832183444765,0.0650161302759206,-100.43824880400544,-1.7128427568882425,SL,S28_MTF_RSI_Align,MANA_USDT_USDT,1H
2026-07-26 09:00:00,2026-07-26 23:00:00,SHORT,0.067929615,0.06885515219823839,100725.51022214371,0.06883450184768408,0.06647583025385985,-100.80295002879785,-1.4732437688590156,SL,S28_MTF_RSI_Align,MANA_USDT_USDT,1H
2026-07-28 14:00:00,2026-07-29 15:00:00,SHORT,0.06657002299999999,0.06865982950558884,43561.046822847085,0.06863923773426857,0.06317460377621906,-94.27407370590973,-3.2509871965447905,SL,S28_MTF_RSI_Align,MANA_USDT_USDT,1H
2026-07-29 20:00:00,2026-08-12 21:00:00,SHORT,0.067029885,0.06385544619772812,45779.75057727359,0.06897822281451876,0.06383629530913539,142.02947279177488,4.6284606785661735,TP,S28_MTF_RSI_Align,MANA_USDT_USDT,1H
2026-08-13 11:00:00,2026-08-14 00:00:00,SHORT,0.063710881,0.06453282799962574,112902.45332584818,0.06451347395743852,0.0624242100709358,-100.76329891488203,-1.4008298513020743,SL,S28_MTF_RSI_Align,MANA_USDT_USDT,1H
2026-08-14 04:00:00,2026-08-14 16:00:00,SHORT,0.063820848,0.06465520165350312,109952.34237397712,0.06463581091023006,0.06251364848294988,-99.50857200005095,-1.4180561825385796,SL,S28_MTF_RSI_Align,MANA_USDT_USDT,1H
2026-08-16 15:00:00,2026-08-16 21:00:00,SHORT,0.063620908,0.06271415600216787,139281.24887451757,0.06420679156123091,0.06269534739794849,116.6156926575482,1.3160260344460053,TP,S28_MTF_RSI_Align,MANA_USDT_USDT,1H
2026-08-17 09:00:00,2026-08-18 02:00:00,SHORT,0.063350989,0.062347069916397484,139409.6322368796,0.0639949771570144,0.06232837140497599,130.31805414907797,1.4755652057752315,TP,S28_MTF_RSI_Align,MANA_USDT_USDT,1H
2026-08-21 21:00:00,2026-08-22 03:00:00,LONG,0.075762722,0.0800510091147746,34714.30051937504,0.07313898102544288,0.08007503162426187,145.88995703781913,5.547041409971341,TP,S28_MTF_RSI_Align,MANA_USDT_USDT,1H
2026-08-24 12:00:00,2026-08-25 20:00:00,LONG,0.07484244599999999,0.07261212903744042,41901.34020535031,0.07263391921320438,0.0784634679779927,-96.85146918638561,-3.0883771206918627,SL,S28_MTF_RSI_Align,MANA_USDT_USDT,1H
2026-08-26 22:00:00,2026-08-28 16:00:00,LONG,0.07392217,0.07211090897643235,51168.21064600792,0.07213254874105467,0.07684575209824221,-96.7887238293062,-2.5588794498384995,SL,S28_MTF_RSI_Align,MANA_USDT_USDT,1H
2026-08-29 15:00:00,2026-08-30 03:00:00,LONG,0.07372211,0.07577578093710563,70716.71372114429,0.07244088770404784,0.0757985204932536,139.41425998131064,2.6741598919106204,TP,S28_MTF_RSI_Align,MANA_USDT_USDT,1H
2026-08-30 17:00:00,2026-08-30 20:00:00,LONG,0.076082818,0.07419581264140417,49335.55139800579,0.07421807806482361,0.07912986989196065,-97.17419336563397,-2.5888349790732033,SL,S28_MTF_RSI_Align,MANA_USDT_USDT,1H
2026-01-29 00:00:00,2026-01-29 00:00:00,LONG,0.056336896,0.047717926920248545,11621.623994686664,0.04773224659422681,0.06920163010865979,-100.83152518144898,-15.400563127151326,SL,S13_Hull_MA_Trend,CHZ_USDT_USDT,1D
2026-01-31 00:00:00,2026-02-06 00:00:00,SHORT,0.049285209999999996,0.03523084420403054,10529.606271838938,0.05868648125293709,0.03522027812059436,147.49748180602884,28.422080307981325,TP,S13_Hull_MA_Trend,CHZ_USDT_USDT,1D
2026-02-15 00:00:00,2026-02-20 00:00:00,LONG,0.042902867,0.03510430710338281,12900.145266179892,0.03511484155584956,0.05455273766622565,-101.15602266612235,-18.277249029474063,SL,S13_Hull_MA_Trend,CHZ_USDT_USDT,1D
2026-02-21 00:00:00,2026-03-30 00:00:00,SHORT,0.035489349999999996,0.042443586493878735,14327.594274288316,0.042430857236707725,0.025103714144938408,-100.25160429382237,-19.716054559890146,SL,S13_Hull_MA_Trend,CHZ_USDT_USDT,1D
2026-04-06 00:00:00,2026-04-15 00:00:00,SHORT,0.03881835100000001,0.043608437160668985,20609.67712573398,0.04359535855310306,0.031681962170345426,-99.65646339561077,-12.456533494061466,SL,S13_Hull_MA_Trend,CHZ_USDT_USDT,1D
2026-04-17 00:00:00,2026-04-24 00:00:00,LONG,0.042872858,0.050730939606055174,18491.54944736667,0.03760255769660554,0.0507461634550917,144.35612099127025,18.208721978301153,TP,S13_Hull_MA_Trend,CHZ_USDT_USDT,1D
2026-04-30 00:00:00,2026-05-19 00:00:00,SHORT,0.042377283,0.0496924085856575,13547.475042124777,0.049677505334057286,0.03145874199891407,-99.78750281859443,-17.381397283137787,SL,S13_Hull_MA_Trend,CHZ_USDT_USDT,1D
2026-05-22 00:00:00,2026-05-28 00:00:00,SHORT,0.043936815000000004,0.03352703754603275,14049.118592911871,0.050905345032468435,0.03351698245129736,145.64963360851047,23.59563918109889,TP,S13_Hull_MA_Trend,CHZ_USDT_USDT,1D
2026-06-15 00:00:00,2026-06-23 00:00:00,LONG,0.025727715999999998,0.019194662339999093,15221.96001669088,0.019200422466739114,0.035499366299891325,-99.82197525525017,-25.48909109571913,SL,S13_Hull_MA_Trend,CHZ_USDT_USDT,1D
2026-07-03 00:00:00,2026-07-25 00:00:00,LONG,0.017925375999999996,0.01401180656604276,25160.093959872473,0.014016011369453595,0.023775982945819604,-98.90772305964539,-21.930557464281705,SL,S13_Hull_MA_Trend,CHZ_USDT_USDT,1D
2026-08-07 00:00:00,2026-08-22 00:00:00,LONG,0.01280384,0.014968062282026124,67050.18333513394,0.01135163063450627,0.014972554048240595,144.08733966106712,16.783619099981014,TP,S13_Hull_MA_Trend,CHZ_USDT_USDT,1D
2026-08-31 00:00:00,2026-08-31 00:00:00,SHORT,0.013196040000000001,0.013263978,58848.15693226361,0.014875137235070588,0.010687294147394118,-4.854443896096011,-0.6251194290105083,EOD,S13_Hull_MA_Trend,CHZ_USDT_USDT,1D
2026-01-06 04:00:00,2026-01-07 14:00:00,LONG,14.424325999999999,14.110051187980545,322.5384796253523,14.114285473622632,14.897678947464637,-106.42760910269513,-2.287585010716223,SL,S28_MTF_RSI_Align,AVAX_USDT_USDT,1H
2026-01-14 15:00:00,2026-01-14 16:00:00,LONG,14.6033797,14.905962974958328,485.6961364837364,14.39968089229436,14.910436105790065,139.08061206178513,1.9608689383533682,TP,S28_MTF_RSI_Align,AVAX_USDT_USDT,1H
2026-01-21 17:00:00,2026-01-21 18:00:00,SHORT,11.8894321,12.165597453904077,368.14809711772006,12.161948869243304,11.47276739180734,-106.54044687563665,-2.4340575540081826,SL,S28_MTF_RSI_Align,AVAX_USDT_USDT,1H
2026-02-02 03:00:00,2026-02-02 14:00:00,SHORT,9.9240219,10.232153941631925,325.3787667442776,10.229085216067105,9.454991849895148,-103.86673910128924,-3.216618640722898,SL,S28_MTF_RSI_Align,AVAX_USDT_USDT,1H
2026-02-03 03:00:00,2026-02-03 04:00:00,SHORT,9.973007200000001,10.18395094162823,472.47442080108567,10.180896672626444,9.655848949021182,-104.90352806510418,-2.226310120443159,SL,S28_MTF_RSI_Align,AVAX_USDT_USDT,1H
2026-02-03 15:00:00,2026-02-03 15:00:00,SHORT,9.9230222,10.122299104351132,495.1735917439025,10.119263325353526,9.624026054135117,-104.135913040521,-2.119332465753479,SL,S28_MTF_RSI_Align,AVAX_USDT_USDT,1H
2026-02-03 17:00:00,2026-02-03 18:00:00,SHORT,9.9440159,9.602361493213158,426.5032651133392,10.169411744820131,9.599481648718543,141.1315934563107,3.3276686456281244,TP,S28_MTF_RSI_Align,AVAX_USDT_USDT,1H
2026-03-16 17:00:00,2026-03-18 11:00:00,LONG,10.2400711,10.013390736023913,436.0933743592901,10.016395654720329,10.581694289499486,-103.7116251103145,-2.3224425461840763,SL,S28_MTF_RSI_Align,AVAX_USDT_USDT,1H
2026-03-23 07:00:00,2026-03-23 11:00:00,SHORT,9.0212928,9.161446237114058,702.3447635370743,9.158698627525801,8.813533394490934,-105.45983600099463,-1.6644393094576337,SL,S28_MTF_RSI_Align,AVAX_USDT_USDT,1H
2026-05-02 12:00:00,2026-05-02 15:00:00,SHORT,9.0752766,9.148977607129842,1051.7769241569495,9.146233737008739,8.971384785923844,-88.05933610556013,-0.9225542166258911,SL,S28_MTF_RSI_Align,AVAX_USDT_USDT,1H
2026-05-09 18:00:00,2026-05-10 15:00:00,LONG,9.9409814,10.13939003959075,706.7121651831894,9.807163027570192,10.142432769421577,132.4127257484648,1.8847679897980272,TP,S28_MTF_RSI_Align,AVAX_USDT_USDT,1H
2026-06-09 01:00:00,2026-06-09 04:00:00,SHORT,6.6070173,6.765585395895557,612.5961020274938,6.7635563289968585,6.367505735942409,-101.6437998085475,-2.511315164534224,SL,S28_MTF_RSI_Align,AVAX_USDT_USDT,1H
2026-07-29 20:00:00,2026-07-30 01:00:00,SHORT,6.355092900000001,6.457362159546899,945.642102632193,6.455425531887333,6.2032101064260425,-103.37391595088116,-1.7201339390278485,SL,S28_MTF_RSI_Align,AVAX_USDT_USDT,1H
2026-08-07 15:00:00,2026-08-08 01:00:00,SHORT,6.4200734,6.498748479446561,1223.118282819576,6.496799439614676,6.305125875602068,-104.9196140516537,-1.3361285165408943,SL,S28_MTF_RSI_Align,AVAX_USDT_USDT,1H
2026-01-12 12:00:00,2026-01-13 16:00:00,SHORT,0.006947915,0.0072871077039602244,296729.5413915381,0.007284922227292037,0.006447616659061944,-102.97166895672754,-4.994620205448725,SL,S11_Supertrend,ANKR_USDT_USDT,4H
2026-01-14 00:00:00,2026-01-15 00:00:00,LONG,0.0074222260000000005,0.007097070487451296,306385.1180665901,0.007099200247525553,0.00790119962871167,-102.06948310494086,-4.488426054620309,SL,S11_Supertrend,ANKR_USDT_USDT,4H
2026-01-15 16:00:00,2026-01-17 12:00:00,SHORT,0.0069449159,0.007277903642776156,296094.6195898097,0.0072757209264982066,0.00645391861025269,-100.91209421348222,-4.907335069740476,SL,S11_Supertrend,ANKR_USDT_USDT,4H
2026-01-17 16:00:00,2026-01-18 04:00:00,LONG,0.00740222,0.007087344591448696,309962.94700722443,0.007089471432878559,0.007865792850682162,-100.06988505255529,-4.361457361124104,SL,S11_Supertrend,ANKR_USDT_USDT,4H
2026-01-19 00:00:00,2026-01-19 00:00:00,SHORT,0.0067829645000000004,0.006303730641478885,295980.57952175086,0.007107106607031967,0.0063018400894520495,139.71354098492478,6.959142660901466,TP,S11_Supertrend,ANKR_USDT_USDT,4H
2026-01-22 04:00:00,2026-01-22 12:00:00,LONG,0.0067270175,0.006353006201993877,261584.63359069495,0.006354912675796616,0.007280130986305076,-99.71745161180588,-5.666780427466103,SL,S11_Supertrend,ANKR_USDT_USDT,4H
2026-01-25 20:00:00,2026-01-26 00:00:00,SHORT,0.005889232700000001,0.00614121934571241,385135.79767305916,0.0061393775324526745,0.005518433701320989,-99.59742455915328,-4.3911220274510585,SL,S11_Supertrend,ANKR_USDT_USDT,4H
2026-02-03 08:00:00,2026-02-04 00:00:00,LONG,0.005951785,0.0054513003695137886,191127.5820761164,0.005452936250388905,0.006695595624416643,-96.8551115652737,-8.514358758581572,SL,S11_Supertrend,ANKR_USDT_USDT,4H
2026-02-05 04:00:00,2026-02-06 00:00:00,SHORT,0.0050374883,0.004183242217704292,164745.85477913174,0.005610341585721422,0.004181987621417867,139.89800859757594,16.857104770069054,TP,S11_Supertrend,ANKR_USDT_USDT,4H
2026-02-13 20:00:00,2026-02-19 00:00:00,LONG,0.0046293884,0.0044091281269214916,437450.6093913601,0.004410451262300182,0.0049543231065497274,-98.52763819238355,-4.865252981761378,SL,S11_Supertrend,ANKR_USDT_USDT,4H
2026-02-25 16:00:00,2026-02-26 16:00:00,LONG,0.0044703406999999995,0.0042751584074385675,488856.21822216874,0.004276441339840519,0.004757837990239221,-97.76748779658487,-4.473760066442436,SL,S11_Supertrend,ANKR_USDT_USDT,4H
2026-02-28 08:00:00,2026-02-28 20:00:00,SHORT,0.004068779,0.00427548783636458,456665.5175255213,0.004274205574692172,0.003763691637961741,-96.49259414878888,-5.193159498822139,SL,S11_Supertrend,ANKR_USDT_USDT,4H
2026-03-02 16:00:00,2026-03-03 08:00:00,LONG,0.004345303199999999,0.00411704358799983,408971.0983928863,0.004118279071721347,0.00468258139241798,-95.25505463192157,-5.36013005337738,SL,S11_Supertrend,ANKR_USDT_USDT,4H
2026-03-19 00:00:00,2026-03-21 00:00:00,SHORT,0.0050094967,0.005558914578380892,167765.65663840054,0.005557247404159644,0.0041916288937605345,-93.14861018720538,-11.08355864540246,SL,S11_Supertrend,ANKR_USDT_USDT,4H
2026-03-21 04:00:00,2026-03-21 08:00:00,LONG,0.005986795499999999,0.005440519001268217,167012.3878473461,0.005442151646762245,0.006799272529856631,-92.28461917292941,-9.229670893343194,SL,S11_Supertrend,ANKR_USDT_USDT,4H
2026-03-26 04:00:00,2026-03-27 08:00:00,SHORT,0.0048465456,0.005177603956574783,273256.17629106576,0.005176051141232414,0.004355923288151379,-91.97027907494912,-6.944567669618114,SL,S11_Supertrend,ANKR_USDT_USDT,4H
2026-03-27 20:00:00,2026-03-28 20:00:00,LONG,0.0051895564,0.004805792190709352,233101.18796801506,0.004807234361017656,0.005759148458473515,-90.73735328211288,-7.500865604149487,SL,S11_Supertrend,ANKR_USDT_USDT,4H
2026-04-19 04:00:00,2026-04-30 04:00:00,SHORT,0.0050314901,0.004704244992642877,398033.3912766906,0.0052531105717332285,0.004702834142400157,128.12314864953734,6.397517368784429,TP,S11_Supertrend,ANKR_USDT_USDT,4H
2026-05-05 08:00:00,2026-05-06 00:00:00,LONG,0.0049554862,0.005178477479520199,588100.8724616773,0.004803312340688741,0.0051800314889668886,127.86347995239295,4.387412066579102,TP,S11_Supertrend,ANKR_USDT_USDT,4H
2026-05-13 16:00:00,2026-05-16 08:00:00,SHORT,0.005018494,0.004699636671456759,420200.4949032434,0.00523451519780282,0.004698227203295771,131.7380474326716,6.247140211265365,TP,S11_Supertrend,ANKR_USDT_USDT,4H
2026-05-25 20:00:00,2026-05-27 04:00:00,LONG,0.0047384211,0.004590731729709891,629406.7467580938,0.004592109362518647,0.00495433595622203,-96.18619353795508,-3.225133459464994,SL,S11_Supertrend,ANKR_USDT_USDT,4H
2026-05-28 04:00:00,2026-05-30 00:00:00,SHORT,0.0044536635,0.004643065549628501,484697.3670923154,0.004641673047714187,0.0041749904284287195,-94.22771311755137,-4.36506374147478,SL,S11_Supertrend,ANKR_USDT_USDT,4H
2026-06-13 12:00:00,2026-06-18 04:00:00,LONG,0.0039901967,0.003798181524081362,472483.4384598004,0.0037993213204775052,0.0042735180192837435,-92.74792440233841,-4.919526497074271,SL,S11_Supertrend,ANKR_USDT_USDT,4H
2026-06-18 12:00:00,2026-06-23 04:00:00,SHORT,0.0038068576000000005,0.0035433174333692223,500589.03663231066,0.0039851634953719075,0.00354225475694214,129.90163875615167,6.816582011431821,TP,S11_Supertrend,ANKR_USDT_USDT,4H
2026-07-02 04:00:00,2026-07-04 16:00:00,LONG,0.0035440629,0.0037843577681345233,556502.6519099649,0.00338133772256042,0.003785493416159371,131.48167431234677,6.666479784177907,TP,S11_Supertrend,ANKR_USDT_USDT,4H
2026-07-08 00:00:00,2026-07-11 08:00:00,SHORT,0.0035409374,0.0036826989168208266,653161.8361051414,0.00368159443848928,0.00333260834226608,-95.18822457376861,-4.115704411918658,SL,S11_Supertrend,ANKR_USDT_USDT,4H
2026-07-11 12:00:00,2026-07-11 12:00:00,LONG,0.0037351202,0.003907253452551937,774418.0993691296,0.0036177160131026396,0.0039084259803460406,130.04799041622482,4.495971697056331,TP,S11_Supertrend,ANKR_USDT_USDT,4H
2026-07-13 04:00:00,2026-07-15 16:00:00,SHORT,0.0035839245000000002,0.0038174840638535838,396792.55320625915,0.0038163391621049525,0.0032379912568425715,-94.28994875795951,-6.630450461880629,SL,S11_Supertrend,ANKR_USDT_USDT,4H
2026-08-06 04:00:00,2026-08-09 00:00:00,LONG,0.0034760424999999997,0.0035882887321514005,1181032.5017525281,0.00339875630545737,0.0035893655418139446,127.97768573649003,3.1173626321806363,TP,S11_Supertrend,ANKR_USDT_USDT,4H
2026-08-11 08:00:00,2026-08-12 20:00:00,SHORT,0.0034829548,0.0033604162426590267,1100480.415882027,0.0035670610532446754,0.003359408420132987,130.70923484809484,3.4101706765620667,TP,S11_Supertrend,ANKR_USDT_USDT,4H
2026-08-19 16:00:00,2026-08-20 08:00:00,LONG,0.0034190253999999997,0.003541881007059416,1113174.8092679046,0.0033347040731823443,0.003542943890226484,132.49797884175302,3.4813168844997118,TP,S11_Supertrend,ANKR_USDT_USDT,4H
2026-01-10 20:00:00,2026-01-11 02:00:00,LONG,0.143613071,0.14062592250085604,33956.45623820228,0.14066812293773737,0.1486173406722767,-106.74143920739523,-2.1888536493794786,SL,S28_MTF_RSI_Align,ZRX_USDT_USDT,1H
2026-01-12 03:00:00,2026-01-12 08:00:00,LONG,0.13788135199999998,0.13403998675152778,26027.074709143555,0.1340802108147722,0.14437953853544358,-103.87202465637675,-2.8944610180392933,SL,S28_MTF_RSI_Align,ZRX_USDT_USDT,1H
2026-01-14 15:00:00,2026-01-14 22:00:00,LONG,0.145393605,0.1417418459557184,27123.246627899924,0.14178438127009943,0.1515518107766517,-103.33098629225111,-2.6202552322072594,SL,S28_MTF_RSI_Align,ZRX_USDT_USDT,1H
2026-01-15 08:00:00,2026-01-15 11:00:00,LONG,0.14364308,0.15012189781701202,25365.278581403545,0.1398244522964804,0.15016694790138244,160.23873203178687,4.397877767040817,TP,S28_MTF_RSI_Align,ZRX_USDT_USDT,1H
2026-01-16 17:00:00,2026-01-18 23:00:00,LONG,0.149324784,0.14369350229220726,17619.91963690399,0.143736623279191,0.1589217974243455,-102.06235840521195,-3.8790893313821533,SL,S28_MTF_RSI_Align,ZRX_USDT_USDT,1H
2026-01-21 17:00:00,2026-01-21 19:00:00,SHORT,0.126731969,0.13064374883734728,25161.99912341934,0.13060456746710716,0.12010039687000791,-101.9900490109787,-3.198353591553383,SL,S28_MTF_RSI_Align,ZRX_USDT_USDT,1H
2026-01-30 21:00:00,2026-01-31 14:00:00,SHORT,0.117844636,0.11121271083207356,24801.42564955524,0.12173241326357537,0.11117935702496606,161.35667714942488,5.520780451278925,TP,S28_MTF_RSI_Align,ZRX_USDT_USDT,1H
2026-02-01 11:00:00,2026-02-02 15:00:00,SHORT,0.109477147,0.11361619314099844,23882.25725465034,0.1135821185054468,0.10242721568009963,-101.78014962576813,-3.8928192731182443,SL,S28_MTF_RSI_Align,ZRX_USDT_USDT,1H
2026-02-03 03:00:00,2026-02-03 05:00:00,SHORT,0.110876727,0.11438541156565092,27923.890137421076,0.1143511062337808,0.10492475835167037,-101.43572970328674,-3.2762319380712195,SL,S28_MTF_RSI_Align,ZRX_USDT_USDT,1H
2026-02-07 07:00:00,2026-02-07 18:00:00,SHORT,0.105998191,0.11013666044989974,23384.549536210132,0.11010362936109142,0.09894458779374146,-99.55606273240001,-4.0164304485132005,SL,S28_MTF_RSI_Align,ZRX_USDT_USDT,1H
2026-02-09 07:00:00,2026-02-09 10:00:00,SHORT,0.10809756100000001,0.10243364647387537,28572.912161387434,0.11142267765450282,0.10240292559619651,158.52601291045553,5.13251391677006,TP,S28_MTF_RSI_Align,ZRX_USDT_USDT,1H
2026-02-10 19:00:00,2026-02-12 03:00:00,SHORT,0.103149046,0.10609711791034683,33122.485847317315,0.10606529832085058,0.09816149533766745,-101.45938433383606,-2.969641910694479,SL,S28_MTF_RSI_Align,ZRX_USDT_USDT,1H
2026-02-12 17:00:00,2026-02-13 15:00:00,SHORT,0.106418065,0.11046861536250056,23791.12443112672,0.11043548471708545,0.09951790098971394,-99.20513558877323,-3.9183554377726493,SL,S28_MTF_RSI_Align,ZRX_USDT_USDT,1H
2026-02-25 01:00:00,2026-02-25 01:00:00,SHORT,0.10216934,0.1049476851384609,34434.41864480759,0.10491621027537829,0.09747559634566903,-99.59327453117514,-2.830848767631317,SL,S28_MTF_RSI_Align,ZRX_USDT_USDT,1H
2026-03-08 16:00:00,2026-03-09 03:00:00,SHORT,0.101589514,0.10407962413957059,38062.18842514194,0.10404840961668559,0.09739617853401134,-99.08456095069963,-2.562496918281689,SL,S28_MTF_RSI_Align,ZRX_USDT_USDT,1H
2026-03-10 15:00:00,2026-03-10 19:00:00,LONG,0.11013302999999999,0.10738732434273385,34125.959934025566,0.10741955020779619,0.1147622041409422,-97.78254124391617,-2.601709815987674,SL,S28_MTF_RSI_Align,ZRX_USDT_USDT,1H
2026-03-17 10:00:00,2026-03-17 10:00:00,LONG,0.113063909,0.11059964039064989,37687.90989215464,0.1106328302397218,0.11719948484370664,-97.50930973182932,-2.2883372637637844,SL,S28_MTF_RSI_Align,ZRX_USDT_USDT,1H
2026-03-27 10:00:00,2026-03-29 22:00:00,SHORT,0.10049984099999999,0.09725843629660619,47019.702479626205,0.10242769633256096,0.09722926751635129,147.29569032088432,3.117057320399812,TP,S28_MTF_RSI_Align,ZRX_USDT_USDT,1H
2026-03-29 23:00:00,2026-03-30 00:00:00,SHORT,0.09844045900000001,0.10026129620537524,51441.699557013686,0.10023122683732405,0.0954066338895833,-99.28881625714475,-1.9607011084113213,SL,S28_MTF_RSI_Align,ZRX_USDT_USDT,1H
2026-04-15 05:00:00,2026-04-16 13:00:00,LONG,0.10668199499999999,0.10978029984311534,49240.81439628101,0.10483135028547436,0.10981324381626022,146.700724896652,2.7926461076694697,TP,S28_MTF_RSI_Align,ZRX_USDT_USDT,1H
2026-04-17 07:00:00,2026-04-18 11:00:00,LONG,0.111813534,0.1092426513772982,36481.72271542126,0.10927543400750045,0.11613628302960824,-98.22570772800701,-2.4079942993835766,SL,S28_MTF_RSI_Align,ZRX_USDT_USDT,1H
2026-04-24 05:00:00,2026-04-25 10:00:00,LONG,0.11652494699999999,0.11316829772977828,27571.64883714587,0.11320225840730047,0.12220848893137785,-96.03151676418965,-2.989042814001956,SL,S28_MTF_RSI_Align,ZRX_USDT_USDT,1H
2026-04-26 03:00:00,2026-04-27 07:00:00,LONG,0.114454326,0.11203760349405639,38039.37921119181,0.11207122486151484,0.1185053103119623,-96.66921066867486,-2.2203556265451545,SL,S28_MTF_RSI_Align,ZRX_USDT_USDT,1H
2026-04-29 10:00:00,2026-04-29 12:00:00,LONG,0.114854446,0.11296449869404886,48320.41311205559,0.1129983982135129,0.11798837846275245,-97.37760262087866,-1.7546101136849936,SL,S28_MTF_RSI_Align,ZRX_USDT_USDT,1H
2026-05-04 11:00:00,2026-05-04 22:00:00,SHORT,0.109327192,0.10641339319593886,50829.95257275848,0.11107244682087716,0.10638147875231317,142.07690897454762,2.55667545380968,TP,S28_MTF_RSI_Align,ZRX_USDT_USDT,1H
2026-05-07 18:00:00,2026-05-08 17:00:00,LONG,0.116404911,0.12116270396262602,32060.680849576598,0.11359361733829662,0.12119906368173053,148.34896300718273,3.9750305503833703,TP,S28_MTF_RSI_Align,ZRX_USDT_USDT,1H
2026-05-10 05:00:00,2026-05-10 20:00:00,LONG,0.120486135,0.11821518764739825,40982.60778546654,0.11825066284625212,0.12427538737168473,-98.4497761292828,-1.9937838325196653,SL,S28_MTF_RSI_Align,ZRX_USDT_USDT,1H
2026-05-10 23:00:00,2026-05-11 02:00:00,LONG,0.12743822000000002,0.12339215547400018,22606.67799293832,0.12342918422926895,0.13430658477657964,-94.58682071898275,-3.283176140180349,SL,S28_MTF_RSI_Align,ZRX_USDT_USDT,1H
2026-05-19 09:00:00,2026-05-21 01:00:00,SHORT,0.10572827200000001,0.10755422403493714,50000.18971376326,0.10752196744470373,0.10269534572414092,-97.163239050493,-1.8379732979617254,SL,S28_MTF_RSI_Align,ZRX_USDT_USDT,1H
2026-05-22 15:00:00,2026-05-22 23:00:00,SHORT,0.107577717,0.10486163061774022,54409.11718193938,0.10920820624019009,0.10483018156327124,141.42261170141887,2.4161553280313885,TP,S28_MTF_RSI_Align,ZRX_USDT_USDT,1H
2026-05-26 16:00:00,2026-05-27 21:00:00,SHORT,0.10469858100000001,0.10151613227443304,47518.71206160548,0.10659525922085672,0.1014856865684625,145.8363829704154,2.9313010777729964,TP,S28_MTF_RSI_Align,ZRX_USDT_USDT,1H
2026-05-29 03:00:00,2026-05-29 17:00:00,SHORT,0.100049976,0.10224573439670377,42301.20047278072,0.10221506987574105,0.09636639505025134,-97.58975939890888,-2.305868656502186,SL,S28_MTF_RSI_Align,ZRX_USDT_USDT,1H
2026-06-07 11:00:00,2026-06-07 22:00:00,SHORT,0.08267519,0.08532537514863898,34523.484625258134,0.08529978521307506,0.07817809870522013,-94.68360694349464,-3.3173016711189183,SL,S28_MTF_RSI_Align,ZRX_USDT_USDT,1H
2026-06-09 01:00:00,2026-06-09 13:00:00,SHORT,0.084644599,0.08725592767491121,34683.866832904445,0.08722975874728703,0.0802177181978467,-93.85017225419942,-3.1967473371601747,SL,S28_MTF_RSI_Align,ZRX_USDT_USDT,1H
2026-06-12 06:00:00,2026-06-13 08:00:00,SHORT,0.087943609,0.08998955922420607,43945.77942992752,0.08996257045307014,0.08450424949631878,-94.21155374779735,-2.4377137703427367,SL,S28_MTF_RSI_Align,ZRX_USDT_USDT,1H
2026-06-13 17:00:00,2026-06-14 14:00:00,SHORT,0.08867339,0.08547335576271389,46287.95004915392,0.09056983862352838,0.08544772144628002,143.68953220308396,3.5007723592349618,TP,S28_MTF_RSI_Align,ZRX_USDT_USDT,1H
2026-06-16 14:00:00,2026-06-17 16:00:00,SHORT,0.088763363,0.09097516389092816,40841.812535226476,0.09094787952707005,0.08503672139130466,-94.37142332388538,-2.603165318013216,SL,S28_MTF_RSI_Align,ZRX_USDT_USDT,1H
2026-06-17 20:00:00,2026-06-20 14:00:00,SHORT,0.087863633,0.08318412501572968,32143.95183709456,0.09060990081090396,0.08315917726255091,147.3938962751592,5.218805051416058,TP,S28_MTF_RSI_Align,ZRX_USDT_USDT,1H
2026-06-21 12:00:00,2026-06-22 22:00:00,SHORT,0.08467459,0.08250496759861983,68951.86910992573,0.08597622025842169,0.08248022353156037,143.2594812025602,2.4537156243696256,TP,S28_MTF_RSI_Align,ZRX_USDT_USDT,1H
2026-06-24 11:00:00,2026-06-24 16:00:00,SHORT,0.08078575700000001,0.0785690848043362,68756.52502620916,0.08211192108385212,0.0785455211479918,146.3845004533485,2.635399000682041,TP,S28_MTF_RSI_Align,ZRX_USDT_USDT,1H
2026-07-01 07:00:00,2026-07-01 13:00:00,SHORT,0.07754672900000001,0.07949994873077727,48018.75624841711,0.07947610589900757,0.07425464045054134,-97.93883452746017,-2.6301501427986618,SL,S28_MTF_RSI_Align,ZRX_USDT_USDT,1H
2026-07-05 22:00:00,2026-07-06 05:00:00,LONG,0.090197051,0.08791959833073568,40721.49533616428,0.08794598212537329,0.0940383154501801,-96.73052521754016,-2.6335859100274006,SL,S28_MTF_RSI_Align,ZRX_USDT_USDT,1H
2026-07-11 12:00:00,2026-07-11 23:00:00,LONG,0.089136733,0.08758015387780156,59269.26216275153,0.08760643580854412,0.09172520406760334,-98.01792979396481,-1.8553219916431372,SL,S28_MTF_RSI_Align,ZRX_USDT_USDT,1H
2026-07-25 21:00:00,2026-07-26 11:00:00,SHORT,0.083464953,0.08433084312478568,106732.774883959,0.08430555145934789,0.0820714815849257,-102.26897677683799,-1.1480001823691461,SL,S28_MTF_RSI_Align,ZRX_USDT_USDT,1H
2026-07-26 14:00:00,2026-07-26 22:00:00,SHORT,0.08361490800000002,0.08443131364603389,106077.6343395759,0.08440599184847934,0.08230768242468287,-96.40664970129967,-1.0869246760866973,SL,S28_MTF_RSI_Align,ZRX_USDT_USDT,1H
2026-07-29 02:00:00,2026-08-03 15:00:00,SHORT,0.07946615300000001,0.08170156648475305,39681.68552826138,0.08167706336574333,0.07568596087569764,-92.2224486466504,-2.9245856792257814,SL,S28_MTF_RSI_Align,ZRX_USDT_USDT,1H
2026-08-19 12:00:00,2026-08-19 15:00:00,SHORT,0.074717578,0.07581344742410764,80894.43638417414,0.07579071021104433,0.0729124613864774,-95.34715676684505,-1.5774888849995867,SL,S28_MTF_RSI_Align,ZRX_USDT_USDT,1H
2026-08-25 01:00:00,2026-08-25 20:00:00,LONG,0.098709604,0.0955761777135053,27653.465436390063,0.09560485917125666,0.10402870466421237,-89.60506684322561,-3.2826425546567277,SL,S28_MTF_RSI_Align,ZRX_USDT_USDT,1H
2026-08-28 15:00:00,2026-08-28 16:00:00,LONG,0.098979685,0.09645452326972327,34035.86855650564,0.09648346831021633,0.10324012857891282,-89.60454789887916,-2.659788768599409,SL,S28_MTF_RSI_Align,ZRX_USDT_USDT,1H
2026-08-28 23:00:00,2026-08-29 18:00:00,LONG,0.097709304,0.09506929645134621,32190.52628263166,0.09509782579908593,0.10217126981865149,-88.39633691379268,-2.8104138157631633,SL,S28_MTF_RSI_Align,ZRX_USDT_USDT,1H
2026-01-29 16:00:00,2026-01-31 16:00:00,SHORT,10.986703,9.879816792839685,221.35705853228055,11.438461803911903,9.87685373671867,242.47665165322812,9.970321590328354,TP,S11_Supertrend,AVAX_USDT_USDT,4H
2026-02-18 20:00:00,2026-02-20 04:00:00,SHORT,8.871337800000001,9.199260653892846,314.99427043184915,9.196501703381832,8.073504700534382,-106.42449435684466,-3.8084637363542435,SL,S11_Supertrend,AVAX_USDT_USDT,4H
2026-02-28 08:00:00,2026-02-28 20:00:00,SHORT,8.612415500000001,9.008474525104454,257.68054465510846,9.005772793266473,7.645046102427862,-104.55401360092388,-4.7112278154515455,SL,S11_Supertrend,AVAX_USDT_USDT,4H
2026-03-04 16:00:00,2026-03-05 16:00:00,LONG,9.7119127,9.286019186175656,237.09135459029778,9.288805827924033,10.751981962831415,-103.45300507675447,-4.492857275804591,SL,S11_Supertrend,AVAX_USDT_USDT,4H
2026-03-18 16:00:00,2026-03-29 12:00:00,SHORT,9.5541329,8.618318426700094,259.8404900615837,9.936215197345796,8.615733706588118,240.56542508687804,9.690252739421506,TP,S11_Supertrend,AVAX_USDT_USDT,4H
2026-04-01 08:00:00,2026-04-02 00:00:00,LONG,9.3418017,9.005626159728791,304.9305129035024,9.008328658326288,10.159773508797251,-105.58725974376142,-3.706636436032023,SL,S11_Supertrend,AVAX_USDT_USDT,4H
2026-04-07 04:00:00,2026-04-07 20:00:00,SHORT,8.675396600000001,9.022205338794524,292.4422789570715,9.01949948894784,7.830349482790187,-104.26807780897909,-4.1098111855873025,SL,S11_Supertrend,AVAX_USDT_USDT,4H
2026-04-08 00:00:00,2026-04-09 00:00:00,LONG,9.427827500000001,8.997063457240762,232.64634680690432,8.999763386256639,10.480498023398702,-102.57324684804492,-4.6765570624379995,SL,S11_Supertrend,AVAX_USDT_USDT,4H
2026-04-20 00:00:00,2026-04-20 16:00:00,SHORT,8.997300000000001,9.321891264851068,306.2870944697909,9.319095536190211,8.207959294099298,-102.5041279275589,-3.719636113575575,SL,S11_Supertrend,AVAX_USDT_USDT,4H
2026-05-05 16:00:00,2026-05-08 20:00:00,LONG,9.4058209,9.999062654763417,399.4623645402956,9.161650767411869,10.00206327374554,232.71441773420054,6.193707864544786,TP,S11_Supertrend,AVAX_USDT_USDT,4H
2026-06-18 16:00:00,2026-06-24 00:00:00,SHORT,6.2371283,6.53353657942298,339.1554679708523,6.531577106291093,5.512781825456037,-102.91067117104954,-4.86493351606479,SL,S11_Supertrend,AVAX_USDT_USDT,4H
2026-06-27 00:00:00,2026-07-23 16:00:00,LONG,6.6289881,6.242632709192774,257.05964377246613,6.244506061011077,7.5764045985617905,-101.13620497346932,-5.935065447655302,SL,S11_Supertrend,AVAX_USDT_USDT,4H
2026-07-25 16:00:00,2026-07-27 20:00:00,LONG,6.5769725,6.387466192482547,521.4761901953306,6.389383007384763,7.0357278923842514,-102.54138261574333,-2.989776052709942,SL,S11_Supertrend,AVAX_USDT_USDT,4H
2026-07-29 20:00:00,2026-08-02 04:00:00,SHORT,6.355092900000001,6.5602625705682955,476.36319221563986,6.558295082043682,5.8573568499272906,-101.11909919605193,-3.340204768322228,SL,S11_Supertrend,AVAX_USDT_USDT,4H
2026-08-02 08:00:00,2026-08-03 04:00:00,LONG,6.6089821,6.378349014181201,418.79706638135247,6.380263093109134,7.169793393889829,-99.57994064530013,-3.597772158160315,SL,S11_Supertrend,AVAX_USDT_USDT,4H
2026-08-11 16:00:00,2026-08-12 12:00:00,SHORT,6.2091367,6.405181824157901,488.3011809974016,6.403260845904129,5.7337811146308235,-99.11683830313817,-3.2691017955231603,SL,S11_Supertrend,AVAX_USDT_USDT,4H
2026-08-15 04:00:00,2026-08-15 12:00:00,LONG,6.7700304,6.561973392624861,455.1451862960757,6.56394257539748,7.274499678924111,-98.0335439244034,-3.1815161341237483,SL,S11_Supertrend,AVAX_USDT_USDT,4H
2026-08-31 00:00:00,2026-08-31 20:00:00,SHORT,7.1068673,7.230168399999999,406.5040516066489,7.335203390417714,6.547530870213174,-53.327831422599736,-1.845911343173652,EOD,S11_Supertrend,AVAX_USDT_USDT,4H
2026-01-19 20:00:00,2026-01-20 08:00:00,LONG,0.05765729199999999,0.05425736877074202,29553.96155792625,0.05427365086600182,0.06163952370099726,-102.3003372875934,-6.0035360187951285,SL,S02_Inverted_Hammer_Long,CHZ_USDT_USDT,4H
2026-02-25 04:00:00,2026-02-25 16:00:00,LONG,0.033690104,0.0351489672910916,66141.3121603021,0.03219365656957648,0.03515951514563529,93.98692375859602,4.217861131807429,TP,S02_Inverted_Hammer_Long,CHZ_USDT_USDT,4H
2026-05-24 00:00:00,2026-05-24 20:00:00,LONG,0.037701307,0.035971045397493254,58109.20647440283,0.035981839949478095,0.040117240075782865,-102.89870178010233,-4.69687004836562,SL,S02_Inverted_Hammer_Long,CHZ_USDT_USDT,4H
2026-08-03 20:00:00,2026-08-04 08:00:00,LONG,0.012793836999999999,0.013100410484657102,406280.2531639929,0.012550438808537828,0.01310434178719326,118.76857617689889,2.2849411676930247,TP,S02_Inverted_Hammer_Long,CHZ_USDT_USDT,4H
