strategy,symbol,tf,source,is_sharpe,oos_sharpe,is_sortino,oos_sortino,is_calmar,oos_calmar,is_pf,oos_pf,is_max_dd,oos_max_dd,is_win_rate,oos_win_rate,is_cagr,oos_cagr,is_total_return,oos_total_return,is_trades,oos_trades,is_monthly_freq,oos_monthly_freq,verdict,criteria_passed
S30_Seasonality,TWT_USDT_USDT,4H,ORIGINAL,1.3126,1.0995,5.3216,5.6468,1.0229,3.0933,1.3743,1.3664,-11.73,-4.06,47.16,47.37,12.0,12.57,42.33,7.84,176,38,4.7078,4.9645,STRONG_PASS,6
S13_Hull_MA_Trend,1000LUNC_USDT_USDT,1D,ORIGINAL,1.1183,-0.0634,6.1517,-0.4542,1.0468,-0.1933,1.9094,0.9229,-3.53,-3.0,58.06,44.44,3.69,-0.58,12.75,-0.38,31,9,0.7805,1.1321,STRONG_FAIL,2
S13_Hull_MA_Trend,ZEN_USDT_USDT,1D,ORIGINAL,0.9721,-1.2697,3.2529,-2.6095,0.9071,-0.7783,1.8844,0.583,-4.94,-2.0,56.52,25.0,4.48,-1.56,19.17,-1.04,46,4,0.9591,0.5031,STRONG_FAIL,2
S28_MTF_RSI_Align,MANA_USDT_USDT,1H,TUNED_OPTUNA,0.078,-1.3616,0.2321,-4.2273,0.2797,-0.8284,1.0608,0.8449,-20.4,-16.03,41.59,36.67,5.7,-13.28,24.83,-8.97,654,90,13.6355,11.3676,STRONG_FAIL,3
S13_Hull_MA_Trend,CHZ_USDT_USDT,1D,ORIGINAL,0.8382,-0.7883,2.4058,-2.0923,2.2036,-0.6039,2.1755,0.8246,-2.02,-3.08,59.46,33.33,4.45,-1.86,19.01,-1.24,37,12,0.7714,1.5094,STRONG_FAIL,3
S28_MTF_RSI_Align,AVAX_USDT_USDT,1H,TUNED_STABILITY,0.1556,-2.6866,0.4144,-8.5908,0.1776,-1.5619,1.1206,0.3642,-7.76,-7.51,45.45,21.43,1.38,-11.72,5.62,-7.2,77,14,1.6076,1.9459,STRONG_FAIL,3
S11_Supertrend,ANKR_USDT_USDT,4H,ORIGINAL,0.6716,-1.6262,2.364,-5.2864,0.5591,-0.6362,1.1609,0.7509,-8.1,-11.79,45.7,35.48,4.53,-7.5,19.36,-4.81,186,31,3.878,4.085,STRONG_FAIL,3
S28_MTF_RSI_Align,ZRX_USDT_USDT,1H,TUNED_OPTUNA,0.5094,-3.1054,1.5444,-12.4133,0.2941,-1.4532,1.1064,0.5347,-18.24,-16.82,41.64,26.0,5.36,-24.44,21.62,-16.82,305,50,6.7867,6.3417,STRONG_FAIL,3
S11_Supertrend,AVAX_USDT_USDT,4H,TUNED_WALKFORWARD,1.3031,-1.9038,6.1582,-9.6717,1.4586,-1.1528,1.7837,0.4813,-8.08,-9.9,44.09,16.67,11.79,-11.41,56.03,-7.71,93,18,1.9416,2.2641,STRONG_FAIL,3
S02_Inverted_Hammer_Long,CHZ_USDT_USDT,4H,ORIGINAL,0.3824,-0.541,1.4765,-2.9607,0.1574,0.1155,1.3014,1.0368,-4.07,-1.11,52.94,50.0,0.64,0.13,2.56,0.08,17,4,0.3579,0.5663,STRONG_FAIL,3
